,output_file,content,restriction,sub_content
0,一、,农、林、牧、渔业,,农、林、牧、渔业
1,1.,中低产农田改造,,中低产农田改造
2,2.,木本食用油料、调料和工业原料的种植及开发、生产,,木本食用油料、调料和工业原料的种植及开发、生产
3,3.,蔬菜（含食用菌、西甜瓜）、干鲜果品、茶叶无公害栽培技术及产品系列化开发、生产,,蔬菜（含食用菌、西甜瓜）、干鲜果品、茶叶无公害栽培技术及产品系列化开发、生产
4,4.,糖料、果树、牧草等农作物新技术开发、生产,,糖料、果树、牧草等农作物新技术开发、生产
5,5.,花卉生产与苗圃基地的建设、经营,,花卉生产与苗圃基地的建设、经营
6,6.,橡胶、剑麻、咖啡种植,,橡胶、剑麻、咖啡种植
7,7.,中药材种植、养殖（限于合资、合作）,限于合资、合作,中药材种植、养殖
8,8.,农作物秸秆还田及综合利用、有机肥料资源的开发生产,,农作物秸秆还田及综合利用、有机肥料资源的开发生产
9,9.,林木（竹）营造及良种培育、多倍体树木新品种和转基因树木新品种培育,,林木（竹）营造及良种培育、多倍体树木新品种和转基因树木新品种培育
10,10.,水产苗种繁育（不含我国特有的珍贵优良品种）,,水产苗种繁育（不含我国特有的珍贵优良品种）
11,11.,防治荒漠化及水土流失的植树种草等生态环境保护工程建设、经营,,防治荒漠化及水土流失的植树种草等生态环境保护工程建设、经营
12,12.,水产品养殖、深水网箱养殖、工厂化水产养殖、生态型海洋种养殖,,水产品养殖、深水网箱养殖、工厂化水产养殖、生态型海洋种养殖
13,二、,采矿业,,采矿业
14,1.,煤层气勘探、开发和矿井瓦斯利用（限于合资、合作）,限于合资、合作,煤层气勘探、开发和矿井瓦斯利用
15,2.,石油、天然气的风险勘探、开发（限于合资、合作）,限于合资、合作,石油、天然气的风险勘探、开发
16,3.,低渗透油气藏（田）的开发（限于合资、合作）,限于合资、合作,低渗透油气藏（田）的开发
17,4.,提高原油采收率及相关新技术的开发应用（限于合资、合作）,限于合资、合作,提高原油采收率及相关新技术的开发应用
18,5.,物探、钻井、测井、录井、井下作业等石油勘探开发新技术的开发与应用（限于合作）,限于合作,物探、钻井、测井、录井、井下作业等石油勘探开发新技术的开发与应用（限于合作）
19,6.,油页岩、油砂、重油、超重油等非常规石油资源勘探、开发（限于合作）,限于合作,油页岩、油砂、重油、超重油等非常规石油资源勘探、开发（限于合作）
20,7.,铁矿、锰矿勘探、开采及选矿,,铁矿、锰矿勘探、开采及选矿
21,8.,提高矿山尾矿利用率的新技术开发和应用及矿山生态恢复技术的综合应用,,提高矿山尾矿利用率的新技术开发和应用及矿山生态恢复技术的综合应用
22,9.,海底可燃冰勘探、开发（限于合作）,限于合作,海底可燃冰勘探、开发（限于合作）
23,三、,制造业,,制造业
24,（一）,农副食品加工业,,农副食品加工业
25,1.,生物饲料、秸秆饲料、水产饲料的开发、生产,,生物饲料、秸秆饲料、水产饲料的开发、生产
26,2.,水产品加工、贝类净化及加工、海藻功能食品开发,,水产品加工、贝类净化及加工、海藻功能食品开发
27,3.,蔬菜、干鲜果品、禽畜产品的储藏及加工,,蔬菜、干鲜果品、禽畜产品的储藏及加工
28,（二）,食品制造业,,食品制造业
29,1.,婴儿、老年食品及功能食品的开发、生产,,婴儿、老年食品及功能食品的开发、生产
30,2.,森林食品的开发、生产和加工,,森林食品的开发、生产和加工
31,3.,天然食品添加剂、食品配料生产（限于合资、合作）,限于合资、合作,天然食品添加剂、食品配料生产
32,（三）,饮料制造业,,饮料制造业
33,1.,果蔬饮料、蛋白饮料、茶饮料、咖啡饮料、植物饮料的开发、生产,,果蔬饮料、蛋白饮料、茶饮料、咖啡饮料、植物饮料的开发、生产
34,（四）,烟草制品业,,烟草制品业
35,1.,二醋酸纤维素及丝束加工（限于合资、合作）,限于合资、合作,二醋酸纤维素及丝束加工
36,2.,造纸法烟草薄片生产（限于合资、合作）,限于合资、合作,造纸法烟草薄片生产
37,3.,过滤嘴棒加工生产（限于合资、合作）,限于合资、合作,过滤嘴棒加工生产
38,（五）,纺织业,,纺织业
39,1.,采用高新技术的产业用特种纺织品生产,,采用高新技术的产业用特种纺织品生产
40,2.,高档织物面料的织染及后整理加工,,高档织物面料的织染及后整理加工
41,3.,符合生态、资源综合利用与环保要求的特种天然纤维（包括除羊毛以外的其他动物纤维、麻纤维、竹纤维、桑蚕丝、彩色棉花等）产品加工,,符合生态、资源综合利用与环保要求的特种天然纤维（包括除羊毛以外的其他动物纤维、麻纤维、竹纤维、桑蚕丝、彩色棉花等）产品加工
42,4.,采用计算机集成制造系统的服装生产,,采用计算机集成制造系统的服装生产
43,5.,高档地毯、刺绣、抽纱产品生产,,高档地毯、刺绣、抽纱产品生产
44,（六）,皮革、皮毛、羽毛（绒）及其制品业,,皮革、皮毛、羽毛（绒）及其制品业
45,1.,皮革和毛皮清洁化技术加工,,皮革和毛皮清洁化技术加工
46,2.,皮革后整饰新技术加工,,皮革后整饰新技术加工
47,3.,高档皮革（沙发革、汽车坐垫革）的加工,,高档皮革（沙发革、汽车坐垫革）的加工
48,（七）,木材加工及木、竹、藤、棕、草制品业,,木材加工及木、竹、藤、棕、草制品业
49,1.,林业三剩物，“次、小、薪”材和竹材的综合利用新技术、新产品开发与生产,,林业三剩物，“次、小、薪”材和竹材的综合利用新技术、新产品开发与生产
50,（八）,造纸及纸制品业,,造纸及纸制品业
51,1.,按林纸一体化建设的单条生产线年产30万吨及以上规模化学木浆和单条生产线年产10万吨及以上规模化学机械木浆以及同步建设的高档纸及纸板生产（限于合资、合作）,限于合资、合作,按林纸一体化建设的单条生产线年产30万吨及以上规模化学木浆和单条生产线年产10万吨及以上规模化学机械木浆以及同步建设的高档纸及纸板生产
52,（九）,石油加工及炼焦业,,石油加工及炼焦业
53,1.,针状焦、煤焦油深加工,,针状焦、煤焦油深加工
54,（十）,化学原料及化学制品制造业,,化学原料及化学制品制造业
55,1.,年产80万吨及以上规模乙烯生产（中方相对控股）,中方相对控股,年产80万吨及以上规模乙烯生产（中方相对控股）
56,2.,乙烯下游产品衍生物的加工制造和乙烯副产品C4－C9产品（丁二烯生成合成橡胶除外）的综合利用,,乙烯下游产品衍生物的加工制造和乙烯副产品C4－C9产品（丁二烯生成合成橡胶除外）的综合利用
57,3.,年产20万吨及以上聚氯乙烯树脂生产（乙烯法）,,年产20万吨及以上聚氯乙烯树脂生产（乙烯法）
58,4.,钠法漂粉精、聚氯乙烯和有机硅深加工产品生产,,钠法漂粉精、聚氯乙烯和有机硅深加工产品生产
59,5.,苯、甲苯、二甲苯、乙二醇等基本有机化工原料及其衍生物生产,,苯、甲苯、二甲苯、乙二醇等基本有机化工原料及其衍生物生产
60,6.,合成材料的配套原料：双酚A生产、过氧化氢氧化丙烯法生产环氧丙烷,,合成材料的配套原料：双酚A生产、过氧化氢氧化丙烯法生产环氧丙烷
61,7.,合成纤维原料：精对苯二甲酸、己内酰胺、尼龙66盐、熔纺氨纶树脂生产,,合成纤维原料：精对苯二甲酸、己内酰胺、尼龙66盐、熔纺氨纶树脂生产
62,8.,合成橡胶：溶液丁苯橡胶（不包括热塑性丁苯橡胶）、丁基橡胶、异戊橡胶、聚氨酯橡胶、丙烯酸橡胶、氯醇橡胶、乙丙橡胶、丁腈橡胶，以及氟橡胶、硅橡胶等特种橡胶生产,,合成橡胶：溶液丁苯橡胶（不包括热塑性丁苯橡胶）、丁基橡胶、异戊橡胶、聚氨酯橡胶、丙烯酸橡胶、氯醇橡胶、乙丙橡胶、丁腈橡胶，以及氟橡胶、硅橡胶等特种橡胶生产
63,9.,工程塑料及塑料合金：聚苯醚（PPO）、工程塑料尼龙11和尼龙12、聚酰亚胺、聚砜、聚芳酯（PAR）、液晶聚合物等产品生产,,工程塑料及塑料合金：聚苯醚（PPO）、工程塑料尼龙11和尼龙12、聚酰亚胺、聚砜、聚芳酯（PAR）、液晶聚合物等产品生产
64,10.,精细化工：催化剂、助剂、添加剂新产品、新技术，染（颜）料商品化加工技术，电子、造纸用高科技化学品，食品添加剂、饲料添加剂，皮革化学品（N-N二甲基甲酰胺除外）、油田助剂，表面活性剂，水处理剂，胶粘剂，无机纤维、无机纳米材料生产，颜料包膜处理深加工,,精细化工：催化剂、助剂、添加剂新产品、新技术，染（颜）料商品化加工技术，电子、造纸用高科技化学品，食品添加剂、饲料添加剂，皮革化学品（N-N二甲基甲酰胺除外）、油田助剂，表面活性剂，水处理剂，胶粘剂，无机纤维、无机纳米材料生产，颜料包膜处理深加工
65,11.,低滞后高耐磨炭黑生产,,低滞后高耐磨炭黑生产
66,12.,环保型印刷油墨、环保型芳烃油生产,,环保型印刷油墨、环保型芳烃油生产
67,13.,天然香料、合成香料、单离香料生产,,天然香料、合成香料、单离香料生产
68,14.,高性能涂料、水性汽车涂料及配套水性树脂生产,,高性能涂料、水性汽车涂料及配套水性树脂生产
69,15.,氟氯烃替代物生产,,氟氯烃替代物生产
70,16.,有机氟系列化工产品生产（氟氯烃或氢氟氯烃、四氟乙烯除外）,,有机氟系列化工产品生产（氟氯烃或氢氟氯烃、四氟乙烯除外）
71,17.,从磷化工、铝冶炼中回收氟资源生产,,从磷化工、铝冶炼中回收氟资源生产
72,18.,大型煤化工产品生产（中方控股）,中方控股,大型煤化工产品生产（中方控股）
73,19.,林业化学产品新技术、新产品开发与生产,,林业化学产品新技术、新产品开发与生产
74,20.,烧碱用离子膜、无机分离膜、功能隔膜生产,,烧碱用离子膜、无机分离膜、功能隔膜生产
75,21.,环保用无机、有机和生物膜开发与生产,,环保用无机、有机和生物膜开发与生产
76,22.,新型肥料开发与生产：生物肥料、高浓度钾肥、复合肥料、缓释可控肥料、复合型微生物接种剂、复合微生物肥料、秸杆及垃圾腐熟剂、特殊功能微生物制剂,,新型肥料开发与生产：生物肥料、高浓度钾肥、复合肥料、缓释可控肥料、复合型微生物接种剂、复合微生物肥料、秸杆及垃圾腐熟剂、特殊功能微生物制剂
77,23.,高效、安全农药新品种和高性能农药新剂型的开发与生产,,高效、安全农药新品种和高性能农药新剂型的开发与生产
78,24.,生物农药及生物防治产品开发与生产：微生物杀虫剂、微生物杀菌剂、农用抗生素、昆虫信息素、天敌昆虫、微生物除草剂,,生物农药及生物防治产品开发与生产：微生物杀虫剂、微生物杀菌剂、农用抗生素、昆虫信息素、天敌昆虫、微生物除草剂
79,25.,废气、废液、废渣综合利用和处理、处置,,废气、废液、废渣综合利用和处理、处置
80,26.,有机高分子材料生产：有机硅改性舰船外壳涂料、飞机蒙皮涂料、稀土硫化铈红色染料、无铅化电子封装材料、彩色等离子体显示屏专用系列光刻浆料、小直径大比表面积超细纤维、高精度燃油滤纸、锂离子电池隔膜、塑料加工用多功能复合助剂、柠檬酸甘油二酸酯、氟咯菌腈、氰霜唑,,有机高分子材料生产：有机硅改性舰船外壳涂料、飞机蒙皮涂料、稀土硫化铈红色染料、无铅化电子封装材料、彩色等离子体显示屏专用系列光刻浆料、小直径大比表面积超细纤维、高精度燃油滤纸、锂离子电池隔膜、塑料加工用多功能复合助剂、柠檬酸甘油二酸酯、氟咯菌腈、氰霜唑
81,（十一）,医药制造业,,医药制造业
82,1.,新型化合物药物或活性成份药物的生产（包括原料药和制剂）,,新型化合物药物或活性成份药物的生产（包括原料药和制剂）
83,2.,氨基酸类：丝氨酸、色氨酸、组氨酸、饲料用蛋氨酸等生产,,氨基酸类：丝氨酸、色氨酸、组氨酸、饲料用蛋氨酸等生产
84,3.,新型抗癌药物、新型心脑血管药及新型神经系统用药生产,,新型抗癌药物、新型心脑血管药及新型神经系统用药生产
85,4.,新型、高效、经济的避孕药具生产,,新型、高效、经济的避孕药具生产
86,5.,采用生物工程技术的新型药物生产,,采用生物工程技术的新型药物生产
87,6.,杂环氟化物等含氟高生理活性药品及中间体的生产,,杂环氟化物等含氟高生理活性药品及中间体的生产
88,7.,基因工程疫苗生产（艾滋病疫苗、丙肝疫苗、避孕疫苗等）,,基因工程疫苗生产（艾滋病疫苗、丙肝疫苗、避孕疫苗等）
89,8.,生物疫苗生产,,生物疫苗生产
90,9.,卡介苗和脊髓灰质炎疫苗生产,,卡介苗和脊髓灰质炎疫苗生产
91,10.,海洋药物开发与生产,,海洋药物开发与生产
92,11.,药品制剂：采用缓释、控释、靶向、透皮吸收等新技术的新剂型、新产品生产,,药品制剂：采用缓释、控释、靶向、透皮吸收等新技术的新剂型、新产品生产
93,12.,新型药用辅料的开发及生产,,新型药用辅料的开发及生产
94,13.,生物医学材料及制品（人体尸体及其标本、人体器官组织及其标本加工除外）生产,,生物医学材料及制品（人体尸体及其标本、人体器官组织及其标本加工除外）生产
95,14.,兽用抗菌原料药生产（包括抗生素、化学合成类）,,兽用抗菌原料药生产（包括抗生素、化学合成类）
96,15.,兽用抗菌药、驱虫药、杀虫药、抗球虫药新产品及新剂型开发与生产,,兽用抗菌药、驱虫药、杀虫药、抗球虫药新产品及新剂型开发与生产
97,16.,新型诊断试剂的生产,,新型诊断试剂的生产
98,（十二）,化学纤维制造业,,化学纤维制造业
99,1.,差别化化学纤维及芳纶、碳纤维、高强高模聚乙烯、聚苯硫醚（PPS）等高新技术化纤生产,,差别化化学纤维及芳纶、碳纤维、高强高模聚乙烯、聚苯硫醚（PPS）等高新技术化纤生产
100,2.,新溶剂法纤维素纤维等环保型化纤的生产,,新溶剂法纤维素纤维等环保型化纤的生产
101,3.,纤维及非纤维用新型聚酯生产：聚对苯二甲酸丙二醇酯（PTT）、聚葵二酸乙二醇酯（PEN）、聚对苯二甲酸丁二醇酯（PBT）,,纤维及非纤维用新型聚酯生产：聚对苯二甲酸丙二醇酯（PTT）、聚葵二酸乙二醇酯（PEN）、聚对苯二甲酸丁二醇酯（PBT）
102,4.,利用可再生资源、生物质工程技术生产的新型纤维材料生产：聚乳酸纤维PLA、生物法多元醇PDO纤维等,,利用可再生资源、生物质工程技术生产的新型纤维材料生产：聚乳酸纤维PLA、生物法多元醇PDO纤维等
103,5.,单线生产能力日产100吨及以上聚酰胺生产,,单线生产能力日产100吨及以上聚酰胺生产
104,6.,子午胎用芳纶纤维及帘线生产,,子午胎用芳纶纤维及帘线生产
105,（十三）,塑料制品业,,塑料制品业
106,1.,农膜新技术及新产品（光解膜、多功能膜及原料等）开发与生产,,农膜新技术及新产品（光解膜、多功能膜及原料等）开发与生产
107,2.,废旧塑料的消解和再利用,,废旧塑料的消解和再利用
108,3.,塑料软包装新技术、新产品（高阻隔、多功能膜及原料）开发与生产,,塑料软包装新技术、新产品（高阻隔、多功能膜及原料）开发与生产
109,（十四）,非金属矿物制品业,,非金属矿物制品业
110,1.,新型节能、环保建筑材料开发生产：轻质高强多功能墙体材料、高档环保型装饰装修材料、优质防水密封材料、高效保温材料,,新型节能、环保建筑材料开发生产：轻质高强多功能墙体材料、高档环保型装饰装修材料、优质防水密封材料、高效保温材料
111,2.,以塑代钢、以塑代木、节能高效的化学建材品生产,,以塑代钢、以塑代木、节能高效的化学建材品生产
112,3.,年产1000万平方米及以上弹性体、塑性体改性沥青好防水卷材，宽幅（2米以上）优质三元乙丙橡胶防水卷材及配套材料，耐久性聚氯乙稀卷材，TPO防水卷材生产,,年产1000万平方米及以上弹性体、塑性体改性沥青好防水卷材，宽幅（2米以上）优质三元乙丙橡胶防水卷材及配套材料，耐久性聚氯乙稀卷材，TPO防水卷材生产
113,4.,屏蔽电磁波玻璃、微电子用玻璃基板、透红外线无铅玻璃、电子级大规格石英玻璃扩散管、超二代和三代微通道板、光学纤维面板和倒像器及玻璃光锥生产,,屏蔽电磁波玻璃、微电子用玻璃基板、透红外线无铅玻璃、电子级大规格石英玻璃扩散管、超二代和三代微通道板、光学纤维面板和倒像器及玻璃光锥生产
114,5.,年产5万吨及以上玻璃纤维（池窑拉丝工艺生产线）及玻璃钢制品生产,,年产5万吨及以上玻璃纤维（池窑拉丝工艺生产线）及玻璃钢制品生产
115,6.,连续玻璃纤维原丝毡、玻璃纤维表面毡、微电子用玻璃纤维布及薄毡生产,,连续玻璃纤维原丝毡、玻璃纤维表面毡、微电子用玻璃纤维布及薄毡生产
116,7.,传像束及激光医疗光纤生产,,传像束及激光医疗光纤生产
117,8.,年产100万件及以上卫生瓷生产,,年产100万件及以上卫生瓷生产
118,9.,陶瓷原料的标准化精制、陶瓷用高档装饰材料生产,,陶瓷原料的标准化精制、陶瓷用高档装饰材料生产
119,10.,水泥窑、高档（电子）玻璃、陶瓷、玻璃纤维、微孔炭砖等窑炉用高档耐火材料生产,,水泥窑、高档（电子）玻璃、陶瓷、玻璃纤维、微孔炭砖等窑炉用高档耐火材料生产
120,11.,汽车催化装置用陶瓷载体、氮化铝（AIN）陶瓷基片、多孔陶瓷生产,,汽车催化装置用陶瓷载体、氮化铝（AIN）陶瓷基片、多孔陶瓷生产
121,12.,无机非金属材料及制品生产：人工晶体、碳/碳复合材料、特种陶瓷、特种密封材料、高速油封材料、特种胶凝材料、特种乳胶材料、水声橡胶制品、常温导热系数0.025W/mK及以下绝热材料等,,无机非金属材料及制品生产：人工晶体、碳/碳复合材料、特种陶瓷、特种密封材料、高速油封材料、特种胶凝材料、特种乳胶材料、水声橡胶制品、常温导热系数0.025W/mK及以下绝热材料等
122,13.,高技术复合材料生产：连续纤维增强热塑性复合材料和预浸料、耐温＞300℃树脂基复合材料成型用工艺辅助材料、树脂基复合材料桨叶、树脂基复合材料高档体育用品、特殊性能玻璃钢管（压力＞1.2MPa）、特种功能复合材料及制品、深水及潜水复合材料制品、医用及康复用复合材料制品、碳/碳复合材料及刹车片、高性能陶瓷基复合材料及制品、金属基复合材料及制品、金属层状复合材料及制品、压力≥320MPa超高压复合胶管、大型客机航空轮胎,,高技术复合材料生产：连续纤维增强热塑性复合材料和预浸料、耐温＞300℃树脂基复合材料成型用工艺辅助材料、树脂基复合材料桨叶、树脂基复合材料高档体育用品、特殊性能玻璃钢管（压力＞1.2MPa）、特种功能复合材料及制品、深水及潜水复合材料制品、医用及康复用复合材料制品、碳/碳复合材料及刹车片、高性能陶瓷基复合材料及制品、金属基复合材料及制品、金属层状复合材料及制品、压力≥320MPa超高压复合胶管、大型客机航空轮胎
123,14.,精密高性能陶瓷及功能陶瓷原料生产：碳化硅（SiC）超细粉体（纯度＞99%，平均粒径＜1μm）、氮化硅（Si3N4）超细粉体（纯度＞99%，平均粒径＜1μm）、高纯超细氧化铝微粉（纯度＞99.9%，平均粒径＜0.5μm）、低温烧结氧化锆(ZrO2)粉体（烧结温度＜1350℃）、高纯氮化铝（AlN）粉体（纯度＞99%，平均粒径＜1μm）、金红石型TiO2粉体（纯度＞98.5%）、白炭黑（粒径＜100nm）、钛酸钡（纯度＞99%，粒径＜1μm）,,精密高性能陶瓷及功能陶瓷原料生产：碳化硅（SiC）超细粉体（纯度＞99%，平均粒径＜1μm）、氮化硅（Si3N4）超细粉体（纯度＞99%，平均粒径＜1μm）、高纯超细氧化铝微粉（纯度＞99.9%，平均粒径＜0.5μm）、低温烧结氧化锆(ZrO2)粉体（烧结温度＜1350℃）、高纯氮化铝（AlN）粉体（纯度＞99%，平均粒径＜1μm）、金红石型TiO2粉体（纯度＞98.5%）、白炭黑（粒径＜100nm）、钛酸钡（纯度＞99%，粒径＜1μm）
124,15.,金刚石膜工具、厚度0.3mm及以下超薄人造金刚石锯片生产,,金刚石膜工具、厚度0.3mm及以下超薄人造金刚石锯片生产
125,16.,非金属矿精细加工（超细粉碎、高纯、精制、改性）,,非金属矿精细加工（超细粉碎、高纯、精制、改性）
126,17.,超高功率石墨电极生产,,超高功率石墨电极生产
127,18.,珠光云母生产（粒径3-150μm）,,珠光云母生产（粒径3-150μm）
128,19.,多维多向整体编制织物及仿形织物生产,,多维多向整体编制织物及仿形织物生产
129,20.,利用新型干法水泥窑无害化处置可燃工业废弃物和生活垃圾,,利用新型干法水泥窑无害化处置可燃工业废弃物和生活垃圾
130,（十五）,有色金属冶炼及压延加工业,,有色金属冶炼及压延加工业
131,1.,直径200mm以上硅单晶及抛光片、多晶硅生产,,直径200mm以上硅单晶及抛光片、多晶硅生产
132,2.,高新技术有色金属材料生产：新型高性能储氢材料，锂离子电池电极材料，化合物半导体材料（砷化镓、磷化镓、磷化锢、氮化镓），高温超导材料，记忆合金材料(钛镍、铜基及铁基记忆合金材料)，超细（纳米）碳化钙及超细（纳米）晶硬质合金，超硬复合材料，贵金属复合材料，散热器用铝箔，中高压阴极电容铝箔，特种大型铝合金型材，铝合金精密模锻件，电气化铁路架空导线，超薄铜带，耐蚀热交换器铜合金材，高性能铜镍、铜铁合金带，铍铜带、线、管及棒加工材，耐高温抗衰钨丝，镁合金铸件，无铅焊料，镁合金及其应用产品，泡沫铝，钛合金带材及钛焊接管，原子能级海绵锆，钨及钼深加工产品,,高新技术有色金属材料生产：新型高性能储氢材料，锂离子电池电极材料，化合物半导体材料（砷化镓、磷化镓、磷化锢、氮化镓），高温超导材料，记忆合金材料(钛镍、铜基及铁基记忆合金材料)，超细（纳米）碳化钙及超细（纳米）晶硬质合金，超硬复合材料，贵金属复合材料，散热器用铝箔，中高压阴极电容铝箔，特种大型铝合金型材，铝合金精密模锻件，电气化铁路架空导线，超薄铜带，耐蚀热交换器铜合金材，高性能铜镍、铜铁合金带，铍铜带、线、管及棒加工材，耐高温抗衰钨丝，镁合金铸件，无铅焊料，镁合金及其应用产品，泡沫铝，钛合金带材及钛焊接管，原子能级海绵锆，钨及钼深加工产品
133,（十六）,金属制品业,,金属制品业
134,1.,汽车、摩托车轻量化及环保型新材料制造（车身铝板、铝镁合金材料、摩托车铝合金车架等）,,汽车、摩托车轻量化及环保型新材料制造（车身铝板、铝镁合金材料、摩托车铝合金车架等）
135,2.,建筑五金件、水暖器材及五金件开发、生产,,建筑五金件、水暖器材及五金件开发、生产
136,3.,用于包装各类粮油食品、果蔬、饮料、日化产品等内容物的金属包装制品（厚度0.3毫米以下）的制造及加工（包括制品的内外壁印涂加工）,,用于包装各类粮油食品、果蔬、饮料、日化产品等内容物的金属包装制品（厚度0.3毫米以下）的制造及加工（包括制品的内外壁印涂加工）
137,（十七）,通用机械制造业,,通用机械制造业
138,1.,高档数控机床及关键零部件制造：五轴联动数控机床、数控座标镗铣加工中心、数控座标磨床、五轴联动数控系统及伺服装置、精密数控加工用高速超硬刀具,,高档数控机床及关键零部件制造：五轴联动数控机床、数控座标镗铣加工中心、数控座标磨床、五轴联动数控系统及伺服装置、精密数控加工用高速超硬刀具
139,2.,1000吨及以上多工位墩锻成型机制造,,1000吨及以上多工位墩锻成型机制造
140,3.,报废汽车拆解、破碎处理设备制造,,报废汽车拆解、破碎处理设备制造
141,4.,FTL柔性生产线制造,,FTL柔性生产线制造
142,5.,垂直多关节工业机器人、焊接机器人及其焊接装置设备制造,,垂直多关节工业机器人、焊接机器人及其焊接装置设备制造
143,6.,特种加工机械制造：激光切割和拼焊成套设备、激光精密加工设备、数控低速走丝电火花线切割机、亚微米级超细粉碎机,,特种加工机械制造：激光切割和拼焊成套设备、激光精密加工设备、数控低速走丝电火花线切割机、亚微米级超细粉碎机
144,7.,300吨及以上轮式、履带式起重机械制造（限于合资、合作）,限于合资、合作,300吨及以上轮式、履带式起重机械制造
145,8.,压力（35-42MPa）通轴高压柱塞泵及马达、压力（35-42MPa）低速大扭矩马达的设计与制造,,压力（35-42MPa）通轴高压柱塞泵及马达、压力（35-42MPa）低速大扭矩马达的设计与制造
146,9.,电液比例伺服元件制造,,电液比例伺服元件制造
147,10.,压力（21-31.5MPa）整体多路阀、功率0.35W以下气动电磁阀、200Hz以上高频电控气阀设计与制造,,压力（21-31.5MPa）整体多路阀、功率0.35W以下气动电磁阀、200Hz以上高频电控气阀设计与制造
148,11.,静液压驱动装置设计与制造,,静液压驱动装置设计与制造
149,12.,压力10MPa以上非接触式气膜密封、压力10MPa以上干气密封（包括实验装置）的开发与制造,,压力10MPa以上非接触式气膜密封、压力10MPa以上干气密封（包括实验装置）的开发与制造
150,13.,汽车用高分子材料（摩擦片、改型酚醛活塞、非金属液压总分泵等）设备开发与制造,,汽车用高分子材料（摩擦片、改型酚醛活塞、非金属液压总分泵等）设备开发与制造
151,14.,第三、四代轿车轮毂轴承（轴承内、外圈带法兰盘和传感器的轮毂轴承功能部件），高中档数控机床和加工中心轴承（加工中心具有三轴以上联动功能、定位重复精度为3-4μm），高速线材、板材轧机轴承（单途线材轧机轧速120m/s及以上、薄板轧机加工板厚度2mm及以上的支承和工作辊轴承），高速铁路轴承（行驶速度大于200km/h），振动值Z4以下低噪音轴承（Z4、Z4P、V4、V4P噪音级），各类轴承的P4、P2级轴承制造,,第三、四代轿车轮毂轴承（轴承内、外圈带法兰盘和传感器的轮毂轴承功能部件），高中档数控机床和加工中心轴承（加工中心具有三轴以上联动功能、定位重复精度为3-4μm），高速线材、板材轧机轴承（单途线材轧机轧速120m/s及以上、薄板轧机加工板厚度2mm及以上的支承和工作辊轴承），高速铁路轴承（行驶速度大于200km/h），振动值Z4以下低噪音轴承（Z4、Z4P、V4、V4P噪音级），各类轴承的P4、P2级轴承制造
152,15.,耐高温绝缘材料（绝缘等级为F、Ｈ级）及绝缘成型件制造,,耐高温绝缘材料（绝缘等级为F、Ｈ级）及绝缘成型件制造
153,16.,液压气动用橡塑密封件开发与制造,,液压气动用橡塑密封件开发与制造
154,17.,12.9级及以上高强度紧固件制造,,12.9级及以上高强度紧固件制造
155,18.,汽车、摩托车用精铸、精锻毛坯件制造,,汽车、摩托车用精铸、精锻毛坯件制造
156,19.,机床、汽车零部件（五大总成除外）、工程机械再制造,,机床、汽车零部件（五大总成除外）、工程机械再制造
157,（十八）,专用设备制造业,,专用设备制造业
158,1.,矿山无轨采、装、运设备制造：100吨及以上机械传动矿用自卸车，移动式破碎机，3000立方米／小时及以上斗轮挖掘机，5立方米及以上矿用装载机，2000千瓦以上电牵引采煤机设备等,,矿山无轨采、装、运设备制造：100吨及以上机械传动矿用自卸车，移动式破碎机，3000立方米／小时及以上斗轮挖掘机，5立方米及以上矿用装载机，2000千瓦以上电牵引采煤机设备等
159,2.,物探、测井设备制造：MEME地震检波器，数字遥测地震仪，数字成像、数控测井系统，水平井、定向井、钻机装置及器具，MWD随钻测井仪,,物探、测井设备制造：MEME地震检波器，数字遥测地震仪，数字成像、数控测井系统，水平井、定向井、钻机装置及器具，MWD随钻测井仪
160,3.,石油勘探、钻井、集输设备制造：工作水深大于500米的浮式钻井系统和浮式生产系统，工作水深大于600米的海底采油、集输设备，绞车功率大于3000千瓦、顶部驱动力大于850千瓦、钻井泵功率大于1800千瓦的深海用石油钻机，钻井深度9000米以上的陆地石油钻机和沙漠石油钻机，1000万吨/年炼油装置用80吨及以上活塞力往复压缩机，数控石油深井测井仪，石油钻井泥浆固孔设备,,石油勘探、钻井、集输设备制造：工作水深大于500米的浮式钻井系统和浮式生产系统，工作水深大于600米的海底采油、集输设备，绞车功率大于3000千瓦、顶部驱动力大于850千瓦、钻井泵功率大于1800千瓦的深海用石油钻机，钻井深度9000米以上的陆地石油钻机和沙漠石油钻机，1000万吨/年炼油装置用80吨及以上活塞力往复压缩机，数控石油深井测井仪，石油钻井泥浆固孔设备
161,4.,直径6米以上盾构机系统集成设计与制造、直径5米以上全断面硬岩掘进机（TBM）系统集成设计与制造、口径1米以上深度30米以上大口径旋挖钻机制造、直径1.2米以上顶管机设计与制造、回拖力200吨以上大型非开挖铺设地下管线成套设备制造、地下连续墙施工钻机制造、自动垂直钻井系统制造,,直径6米以上盾构机系统集成设计与制造、直径5米以上全断面硬岩掘进机（TBM）系统集成设计与制造、口径1米以上深度30米以上大口径旋挖钻机制造、直径1.2米以上顶管机设计与制造、回拖力200吨以上大型非开挖铺设地下管线成套设备制造、地下连续墙施工钻机制造、自动垂直钻井系统制造
162,5.,100吨及以上大型吊管机、320马力及以上大型挖沟机设计与制造,,100吨及以上大型吊管机、320马力及以上大型挖沟机设计与制造
163,6.,接地压力0.03MPa及以下、功率220马力及以上履带推土机，520马力及以上大型推土机设计与制造,,接地压力0.03MPa及以下、功率220马力及以上履带推土机，520马力及以上大型推土机设计与制造
164,7.,100立方米/时及以上规格的清淤机、1000吨及以上挖泥船的挖泥装置设计与制造,,100立方米/时及以上规格的清淤机、1000吨及以上挖泥船的挖泥装置设计与制造
165,8.,防汛堤坝用混凝土防渗墙施工装备设计与制造,,防汛堤坝用混凝土防渗墙施工装备设计与制造
166,9.,水下土石方施工机械制造：水深9米以下推土机、装载机、挖掘机等,,水下土石方施工机械制造：水深9米以下推土机、装载机、挖掘机等
167,10.,公路桥梁养护、自动检测设备制造,,公路桥梁养护、自动检测设备制造
168,11.,公路隧道营运监控、通风、防灾和救助系统设备制造,,公路隧道营运监控、通风、防灾和救助系统设备制造
169,12.,铁路大型施工、大型养路机械和运营安全设备的设计与制造,,铁路大型施工、大型养路机械和运营安全设备的设计与制造
170,13.,（沥青）油毡瓦设备、镀锌钢板等金属屋顶生产设备制造,,（沥青）油毡瓦设备、镀锌钢板等金属屋顶生产设备制造
171,14.,环保节能型现场喷涂聚氨酯防水保温系统设备、聚氨酯密封膏配制技术与设备、改性硅酮密封膏配制技术和生产设备制造,,环保节能型现场喷涂聚氨酯防水保温系统设备、聚氨酯密封膏配制技术与设备、改性硅酮密封膏配制技术和生产设备制造
172,15.,薄板坯连铸机、高精度带材轧机（厚度精度10微米）设计与制造,,薄板坯连铸机、高精度带材轧机（厚度精度10微米）设计与制造
173,16.,直接还原铁和熔融还原铁设备制造,,直接还原铁和熔融还原铁设备制造
174,17.,50吨以上大功率直流电弧炉制造,,50吨以上大功率直流电弧炉制造
175,18.,彩色涂、镀板材设备制造,,彩色涂、镀板材设备制造
176,19.,多元素、细颗粒、难选冶金属矿产的选矿装置制造,,多元素、细颗粒、难选冶金属矿产的选矿装置制造
177,20.,80万吨/年及以上乙烯成套设备中的关键设备制造：裂解气、乙烯丙稀离心压缩机，年处理能力10万吨以上混合造粒机，直径800毫米及以上离心机，工作温度250℃以上、工作压力15Mpa以上的高温高压耐腐蚀泵和阀门，-55℃以下的低温及超低温泵等（限于合资、合作）,限于合资、合作,80万吨/年及以上乙烯成套设备中的关键设备制造：裂解气、乙烯丙稀离心压缩机，年处理能力10万吨以上混合造粒机，直径800毫米及以上离心机，工作温度250℃以上、工作压力15Mpa以上的高温高压耐腐蚀泵和阀门，-55℃以下的低温及超低温泵等
178,21.,大型煤化工成套设备制造（限于合资、合作）,限于合资、合作,大型煤化工成套设备制造
179,22.,金属制品模具（如铜、铝、钛、锆的管、棒、型材挤压模具）设计、制造、修理,,金属制品模具（如铜、铝、钛、锆的管、棒、型材挤压模具）设计、制造、修理
180,23.,汽车车身外覆盖件冲压模具设计与制造，汽车及摩托车夹具、检具设计与制造,,汽车车身外覆盖件冲压模具设计与制造，汽车及摩托车夹具、检具设计与制造
181,24.,精度高于0.02毫米（含0.02毫米）精密冲压模具、精度高于0.05毫米（含0.05毫米）精密型腔模具、模具标准件设计与制造,,精度高于0.02毫米（含0.02毫米）精密冲压模具、精度高于0.05毫米（含0.05毫米）精密型腔模具、模具标准件设计与制造
182,25.,非金属制品模具设计与制造,,非金属制品模具设计与制造
183,26.,6万瓶/时及以上啤酒灌装设备、5万瓶/时及以上饮料中温及热灌装设备、3.6万瓶/时及以上无菌灌装设备制造,,6万瓶/时及以上啤酒灌装设备、5万瓶/时及以上饮料中温及热灌装设备、3.6万瓶/时及以上无菌灌装设备制造
184,27.,氨基酸、酶制剂、食品添加剂等生产技术及关键设备制造,,氨基酸、酶制剂、食品添加剂等生产技术及关键设备制造
185,28.,10吨/小时及以上的饲料加工成套设备及关键部件制造,,10吨/小时及以上的饲料加工成套设备及关键部件制造
186,29.,楞高0.,,楞高0.
187,30.,对开单张纸多色平版印刷机印刷速度大于16000对开张/时（720×1020毫米）、对开双面印单张纸多色平版印刷机印刷速度13000对开张/时（720×1020毫米）、全张幅单张纸多色平版印刷机印刷速度13000对开张/时（1000×1400毫米）制造,,对开单张纸多色平版印刷机印刷速度大于16000对开张/时（720×1020毫米）、对开双面印单张纸多色平版印刷机印刷速度13000对开张/时（720×1020毫米）、全张幅单张纸多色平版印刷机印刷速度13000对开张/时（1000×1400毫米）制造
188,31.,单幅单纸路卷筒纸平版印刷机印刷速度大于75000对开张/时（787×880毫米）、双幅单纸路卷筒纸平版印刷机印刷速度大于170000对开张/时（787×880毫米）、商业卷筒纸平版印刷机印刷速度大于50000对开张/时（787×880毫米）制造,,单幅单纸路卷筒纸平版印刷机印刷速度大于75000对开张/时（787×880毫米）、双幅单纸路卷筒纸平版印刷机印刷速度大于170000对开张/时（787×880毫米）、商业卷筒纸平版印刷机印刷速度大于50000对开张/时（787×880毫米）制造
189,32.,速度300米/分钟以上、幅宽1000毫米以上多色柔版印刷机制造,,速度300米/分钟以上、幅宽1000毫米以上多色柔版印刷机制造
190,33.,计算机墨色预调、墨色遥控、水墨速度跟踪、印品质量自动检测和跟踪系统、无轴传动技术、速度在75000张/时的高速自动接纸机、给纸机和可以自动遥控调节的高速折页机、自动套印系统、冷却装置、加硅系统、调偏装置等制造,,计算机墨色预调、墨色遥控、水墨速度跟踪、印品质量自动检测和跟踪系统、无轴传动技术、速度在75000张/时的高速自动接纸机、给纸机和可以自动遥控调节的高速折页机、自动套印系统、冷却装置、加硅系统、调偏装置等制造
191,34.,平板玻璃深加工技术及设备制造,,平板玻璃深加工技术及设备制造
192,35.,高技术含量的特种工业缝纫机制造,,高技术含量的特种工业缝纫机制造
193,36.,新型造纸机械（含纸浆）等成套设备制造,,新型造纸机械（含纸浆）等成套设备制造
194,37.,皮革后整饰新技术设备制造,,皮革后整饰新技术设备制造
195,38.,农产品加工及储藏新设备开发与制造：粮食、油料、蔬菜、干鲜果品、肉食品、水产品等产品的加工储藏、保鲜、分级、包装、干燥等新设备，农产品品质检测仪器设备，农产品品质无损伤检测仪器设备，流变仪，粉质仪，超微粉碎设备，高效脱水设备，五效以上高效果汁浓缩设备，粉体食品物料杀菌设备，固态及半固态食品无菌包装设备，无菌包装用包装材料、乳制品生产用直投式发酵剂、碟片式分离离心机,,农产品加工及储藏新设备开发与制造：粮食、油料、蔬菜、干鲜果品、肉食品、水产品等产品的加工储藏、保鲜、分级、包装、干燥等新设备，农产品品质检测仪器设备，农产品品质无损伤检测仪器设备，流变仪，粉质仪，超微粉碎设备，高效脱水设备，五效以上高效果汁浓缩设备，粉体食品物料杀菌设备，固态及半固态食品无菌包装设备，无菌包装用包装材料、乳制品生产用直投式发酵剂、碟片式分离离心机
196,39.,农业机械制造：农业设施设备（温室自动灌溉设备、营养液自动配置与施肥设备、高效蔬菜育苗设备、土壤养分分析仪器），配套发动机功率120千瓦以上拖拉机及配套农具，低油耗低噪音低排放柴油机，大型拖拉机配套的带有残余雾粒回收装置的喷雾机，高性能水稻插秧机，棉花采摘机及棉花采摘台，适应多种行距的自走式玉米联合收割机（液压驱动或机械驱动）,,农业机械制造：农业设施设备（温室自动灌溉设备、营养液自动配置与施肥设备、高效蔬菜育苗设备、土壤养分分析仪器），配套发动机功率120千瓦以上拖拉机及配套农具，低油耗低噪音低排放柴油机，大型拖拉机配套的带有残余雾粒回收装置的喷雾机，高性能水稻插秧机，棉花采摘机及棉花采摘台，适应多种行距的自走式玉米联合收割机（液压驱动或机械驱动）
197,40.,林业机具新技术设备制造,,林业机具新技术设备制造
198,42.,农用废物的综合利用及规模化畜禽养殖废物的综合利用设备制造,,农用废物的综合利用及规模化畜禽养殖废物的综合利用设备制造
199,43.,节肥、节（农）药、节水型农业技术设备制造,,节肥、节（农）药、节水型农业技术设备制造
200,44.,机电井清洗设备及清洗药物生产设备制造,,机电井清洗设备及清洗药物生产设备制造
201,45.,电子内窥镜制造,,电子内窥镜制造
202,46.,眼底摄影机制造,,眼底摄影机制造
203,47.,医用成像设备(高场强超导型磁共振MRI、CT、X线计算机断层、B超等)关键部件的制造,,医用成像设备(高场强超导型磁共振MRI、CT、X线计算机断层、B超等)关键部件的制造
204,48.,医用超声换能器（3D）制造,,医用超声换能器（3D）制造
205,49.,硼中子俘获治疗设备制造,,硼中子俘获治疗设备制造
206,50.,X射线立体定向放射治疗系统制造,,X射线立体定向放射治疗系统制造
207,51.,血液透析机、血液过滤机制造,,血液透析机、血液过滤机制造
208,52.,全自动酶免系统（含加样、酶标、洗板、孵育、数据后处理等部分功能）设备制造,,全自动酶免系统（含加样、酶标、洗板、孵育、数据后处理等部分功能）设备制造
209,53.,药品质量控制新技术、新设备制造,,药品质量控制新技术、新设备制造
210,54.,中药有效物质分析的新技术、提取的新工艺、新设备开发与制造,,中药有效物质分析的新技术、提取的新工艺、新设备开发与制造
211,55.,新型药品包装材料、容器及先进的制药设备制造,,新型药品包装材料、容器及先进的制药设备制造
212,56.,新型纺织机械、关键零部件及纺织检测、实验仪器开发与制造,,新型纺织机械、关键零部件及纺织检测、实验仪器开发与制造
213,57.,电脑提花人造毛皮机制造,,电脑提花人造毛皮机制造
214,58.,太阳能电池生产专用设备制造,,太阳能电池生产专用设备制造
215,59.,污染防治设备开发与制造,,污染防治设备开发与制造
216,60.,城市垃圾处理设备及农村有机垃圾综合利用设备制造,,城市垃圾处理设备及农村有机垃圾综合利用设备制造
217,61.,废旧塑料、电器、橡胶、电池回收处理再生利用设备制造,,废旧塑料、电器、橡胶、电池回收处理再生利用设备制造
218,62.,水生生态系统的环境保护技术、设备制造,,水生生态系统的环境保护技术、设备制造
219,63.,日产10万立方米及以上海水淡化及循环冷却技术和成套设备开发与制造,,日产10万立方米及以上海水淡化及循环冷却技术和成套设备开发与制造
220,64.,特种气象观测及分析设备制造,,特种气象观测及分析设备制造
221,65.,地震台站、台网和流动地震观测技术系统开发及仪器设备制造,,地震台站、台网和流动地震观测技术系统开发及仪器设备制造
222,66.,三鼓及以上子午线轮胎成型机制造,,三鼓及以上子午线轮胎成型机制造
223,67.,滚动阻力试验机、轮胎噪音试验室制造,,滚动阻力试验机、轮胎噪音试验室制造
224,68.,供热计量、温控装置新技术设备制造,,供热计量、温控装置新技术设备制造
225,69.,氢能制备与储运设备及检查系统制造,,氢能制备与储运设备及检查系统制造
226,70.,新型重渣油气化雾化喷嘴、漏汽率0.5%及以下高效蒸汽疏水阀、1000℃及以上高温陶瓷换热器制造,,新型重渣油气化雾化喷嘴、漏汽率0.5%及以下高效蒸汽疏水阀、1000℃及以上高温陶瓷换热器制造
227,71.,废旧轮胎综合利用装置制造,,废旧轮胎综合利用装置制造
228,（十九）,交通运输设备制造业,,交通运输设备制造业
229,1.,汽车整车制造（外资比例不高于50%）及汽车研发机构建设,外资比例不高于50%,汽车整车制造（外资比例不高于50%）及汽车研发机构建设
230,2.,汽车发动机制造、发动机再生制造及发动机研发机构建设：升功率不低于50千瓦的汽油发动机、升功率不低于40千瓦的排量3升以下柴油发动机、升功率不低于30千瓦的排量3升以上柴油发动机、燃料电池和混合燃料等新能源发动机制造,,汽车发动机制造、发动机再生制造及发动机研发机构建设：升功率不低于50千瓦的汽油发动机、升功率不低于40千瓦的排量3升以下柴油发动机、升功率不低于30千瓦的排量3升以上柴油发动机、燃料电池和混合燃料等新能源发动机制造
231,3.,汽车关键零部件制造及关键技术研发：盘式制动器总成、驱动桥总成、自动变速箱、柴油机燃油泵、发动机进气增压器、粘性连轴器（四轮驱动用）、液压挺杆、电子组合仪表、车用曲轴及连杆（8升以上柴油发动机）、防抱死制动系统（ABS、ECU、阀体、传感器）、电子稳定系统（ESP）、电路制动系统（BBW）、电子制动力分配系统（EBD）、牵引力控制系统、汽车安全气囊用气体发生器、柴油电子喷射系统、燃油共轨喷射技术（最大喷射压力大于1600帕）、可变截面涡轮增压技术（VGT）、可变喷嘴涡轮增压技术（VNT）、达到中国Ⅳ阶段污染物排放标准的发动机排放控制装置、智能扭矩管理系统（ITM）及耦合器总成、线控转向系统、柴油机颗粒捕捉器、智能气缸、汽车用特种橡胶配件,,汽车关键零部件制造及关键技术研发：盘式制动器总成、驱动桥总成、自动变速箱、柴油机燃油泵、发动机进气增压器、粘性连轴器（四轮驱动用）、液压挺杆、电子组合仪表、车用曲轴及连杆（8升以上柴油发动机）、防抱死制动系统（ABS、ECU、阀体、传感器）、电子稳定系统（ESP）、电路制动系统（BBW）、电子制动力分配系统（EBD）、牵引力控制系统、汽车安全气囊用气体发生器、柴油电子喷射系统、燃油共轨喷射技术（最大喷射压力大于1600帕）、可变截面涡轮增压技术（VGT）、可变喷嘴涡轮增压技术（VNT）、达到中国Ⅳ阶段污染物排放标准的发动机排放控制装置、智能扭矩管理系统（ITM）及耦合器总成、线控转向系统、柴油机颗粒捕捉器、智能气缸、汽车用特种橡胶配件
232,4.,汽车电子装置制造与研发：发动机和底盘电子控制系统及关键零部件，车载电子技术（汽车信息系统和导航系统），汽车电子总线网络技术（限于合资），电子控制系统的输入（传感器和采样系统）输出（执行器）部件，电动助力转向系统电子控制器（限于合资），嵌入式电子集成系统（限于合资、合作）、电控式空气弹簧，电子控制式悬挂系统，电子气门系统装置，电子油门，动力电池（镍氢和锂离子）及控制系统（限于合资），一体化电机及控制系统（限于合资），轮毂电机、多功能控制器（限于合资），燃料电池堆及其零部件、车用储氢系统，汽车、摩托车型试验及维修用检测系统,限于合资 限于合资 限于合资、合作 限于合资 限于合资 限于合资,汽车电子装置制造与研发：发动机和底盘电子控制系统及关键零部件，车载电子技术（汽车信息系统和导航系统），汽车电子总线网络技术（限于合资），电子控制系统的输入（传感器和采样系统）输出（执行器）部件，电动助力转向系统电子控制器（限于合资），嵌入式电子集成系统、电控式空气弹簧，电子控制式悬挂系统，电子气门系统装置，电子油门，动力电池（镍氢和锂离子）及控制系统（限于合资），一体化电机及控制系统（限于合资），轮毂电机、多功能控制器（限于合资），燃料电池堆及其零部件、车用储氢系统，汽车、摩托车型试验及维修用检测系统
233,5.,摩托车关键零部件制造：摩托车电控燃油喷射技术（限于合资、合作）、达到中国摩托车Ⅲ阶段污染物排放标准的发动机排放控制装置,限于合资、合作,摩托车关键零部件制造：摩托车电控燃油喷射技术、达到中国摩托车Ⅲ阶段污染物排放标准的发动机排放控制装置
234,6.,轨道交通运输设备（限于合资、合作）：高速铁路、铁路客运专线、城际铁路、干线铁路及城市轨道交通运输设备的整车和关键零部件（牵引传动系统、控制系统、制动系统）的研发、设计与制造；高速铁路、铁路客运专线、城际铁路及城市轨道交通旅客服务设施和设备的研发、设计与制造，信息化建设中有关信息系统的设计与研发；高速铁路、铁路客运专线、城际铁路的轨道和桥梁设备研发、设计与制造，轨道交通运输通信信号系统的研发、设计与制造，电气化铁路设备和器材制造、铁路噪声和振动控制技术与研发、铁路客车排污设备制造、铁路运输安全监测设备制造,限于合资、合作,轨道交通运输设备：高速铁路、铁路客运专线、城际铁路、干线铁路及城市轨道交通运输设备的整车和关键零部件（牵引传动系统、控制系统、制动系统）的研发、设计与制造；高速铁路、铁路客运专线、城际铁路及城市轨道交通旅客服务设施和设备的研发、设计与制造，信息化建设中有关信息系统的设计与研发；高速铁路、铁路客运专线、城际铁路的轨道和桥梁设备研发、设计与制造，轨道交通运输通信信号系统的研发、设计与制造，电气化铁路设备和器材制造、铁路噪声和振动控制技术与研发、铁路客车排污设备制造、铁路运输安全监测设备制造
235,7.,民用飞机设计、制造与维修：干线、支线飞机（中方控股），通用飞机（限于合资、合作）,中方控股 限于合资、合作,民用飞机设计、制造与维修：干线、支线飞机（中方控股），通用飞机
236,8.,民用飞机零部件制造与维修,,民用飞机零部件制造与维修
237,9.,民用直升机设计与制造：3吨级及以上（中方控股），3吨级以下（限于合资、合作）,中方控股 限于合资、合作,民用直升机设计与制造：3吨级及以上（中方控股），3吨级以下
238,10.,民用直升机零部件制造,,民用直升机零部件制造
239,11.,地面、水面效应飞机制造（中方控股）,中方控股,地面、水面效应飞机制造（中方控股）
240,12.,无人机、浮空器设计与制造（中方控股）,中方控股,无人机、浮空器设计与制造（中方控股）
241,13.,航空发动机及零部件、航空辅助动力系统设计、制造与维修（限于合资、合作）,限于合资、合作,航空发动机及零部件、航空辅助动力系统设计、制造与维修
242,14.,民用航空机载设备设计与制造（限于合资、合作）,限于合资、合作,民用航空机载设备设计与制造
243,15.,民用运载火箭设计与制造（中方控股）,中方控股,民用运载火箭设计与制造（中方控股）
244,16.,航空地面设备制造：民用机场设施、民用机场运行保障设备、飞行试验地面设备、飞行模拟与训练设备、航空测试与计量设备、航空地面试验设备、机载设备综合测试设备、航空制造专用设备、航空材料试制专用设备、民用航空器地面接收及应用设备、运载火箭地面测试设备、运载火箭力学及环境实验设备,,航空地面设备制造：民用机场设施、民用机场运行保障设备、飞行试验地面设备、飞行模拟与训练设备、航空测试与计量设备、航空地面试验设备、机载设备综合测试设备、航空制造专用设备、航空材料试制专用设备、民用航空器地面接收及应用设备、运载火箭地面测试设备、运载火箭力学及环境实验设备
245,17.,航天器光机电产品、航天器温控产品、星上产品检测设备、航天器结构与机构产品制造,,航天器光机电产品、航天器温控产品、星上产品检测设备、航天器结构与机构产品制造
246,18.,轻型燃气轮机制造,,轻型燃气轮机制造
247,19.,高新技术船舶及海洋工程装备的设计（限于合资、合作）,限于合资、合作,高新技术船舶及海洋工程装备的设计
248,20.,船舶（含分段）及海洋工程装备的修理、设计与制造（中方控股）,中方控股,船舶（含分段）及海洋工程装备的修理、设计与制造（中方控股）
249,21.,船舶低、中、高速柴油机的设计（限于合资、合作）,限于合资、合作,船舶低、中、高速柴油机的设计
250,22.,船舶柴油机零部件的设计与制造（限于合资、合作）,限于合资、合作,船舶柴油机零部件的设计与制造
251,23.,船舶低、中速柴油机及曲轴的设计与制造（中方控股）,中方控股,船舶低、中速柴油机及曲轴的设计与制造（中方控股）
252,24.,船舶舱室机械、甲板机械的设计与制造（中方相对控股）,中方相对控股,船舶舱室机械、甲板机械的设计与制造（中方相对控股）
253,25.,船舶通讯导航设备的设计与制造：船舶通信系统设备、船舶电子导航设备、船用雷达、电罗经自动舵、船舶内部公共广播系统等,,船舶通讯导航设备的设计与制造：船舶通信系统设备、船舶电子导航设备、船用雷达、电罗经自动舵、船舶内部公共广播系统等
254,26.,远洋捕捞渔船、游艇的设计与制造（限于合资、合作）,限于合资、合作,远洋捕捞渔船、游艇的设计与制造
255,（二十）,电气机械及器材制造业,,电气机械及器材制造业
256,1.,60万千瓦超临界、100万千瓦超超临界火电站用关键设备制造（限于合资、合作）：锅炉给水泵，循环水泵，工作温度400℃以上、工作压力20Mpa以上的主蒸汽回路高温高压阀门,限于合资、合作,60万千瓦超临界、100万千瓦超超临界火电站用关键设备制造：锅炉给水泵，循环水泵，工作温度400℃以上、工作压力20Mpa以上的主蒸汽回路高温高压阀门
257,2.,百万千瓦级核电站用关键设备制造（限于合资、合作）：核Ⅰ级、核Ⅱ级泵和阀门,限于合资、合作,百万千瓦级核电站用关键设备制造：核Ⅰ级、核Ⅱ级泵和阀门
258,3.,火电站脱硫、脱硝、布袋除尘器技术及设备制造,,火电站脱硫、脱硝、布袋除尘器技术及设备制造
259,4.,核电、火电设备的密封件设计、制造,,核电、火电设备的密封件设计、制造
260,5.,核电设备用大型铸锻件制造,,核电设备用大型铸锻件制造
261,6.,输变电设备（限于合资、合作）：非晶态合金变压器、500千伏及以上高压电器用大套管、高压开关用操作机构及自主型整体弧触头、直流输电用干式电抗器、6英寸直流换流阀用大功率晶阀管的设计与制造，符合欧盟RoHS指令的电器触头材料及无Pb、Cd的焊料制造,限于合资、合作,输变电设备：非晶态合金变压器、500千伏及以上高压电器用大套管、高压开关用操作机构及自主型整体弧触头、直流输电用干式电抗器、6英寸直流换流阀用大功率晶阀管的设计与制造，符合欧盟RoHS指令的电器触头材料及无Pb、Cd的焊料制造
262,7.,新能源发电成套设备或关键设备制造（限于合资、合作）：光伏发电、地热发电、潮汐发电、波浪发电、垃圾发电、沼气发电、1.5兆瓦及以上风力发电设备,限于合资、合作,新能源发电成套设备或关键设备制造：光伏发电、地热发电、潮汐发电、波浪发电、垃圾发电、沼气发电、1.5兆瓦及以上风力发电设备
263,8.,斯特林发电机组制造,,斯特林发电机组制造
264,9.,直线和平面电机及其驱动系统开发与制造,,直线和平面电机及其驱动系统开发与制造
265,10.,太阳能空调、采暖系统、太阳能干燥装置制造,,太阳能空调、采暖系统、太阳能干燥装置制造
266,11.,生物质干燥热解系统、生物质气化装置制造,,生物质干燥热解系统、生物质气化装置制造
267,12.,交流调频调压牵引装置制造,,交流调频调压牵引装置制造
268,13.,智能化塑壳断路器（电压380V、电流1000A）、大型工程智能化柜式或抽屉式断路器、带总线式智能化电控配电成套装置制造,,智能化塑壳断路器（电压380V、电流1000A）、大型工程智能化柜式或抽屉式断路器、带总线式智能化电控配电成套装置制造
269,（二十一）,通信设备、计算机及其他电子设备制造业,,通信设备、计算机及其他电子设备制造业
270,1.,数字摄录机、数字放声设备和数字影院制作、编辑、播放设备制造,,数字摄录机、数字放声设备和数字影院制作、编辑、播放设备制造
271,2.,TFT-LCD、PDP、OLED、FED（含SED等）平板显示屏、显示屏材料制造,,TFT-LCD、PDP、OLED、FED（含SED等）平板显示屏、显示屏材料制造
272,3.,大屏幕彩色投影显示器用光学引擎、光源、投影屏、高清晰度投影管和微显投影设备模块等关键件制造,,大屏幕彩色投影显示器用光学引擎、光源、投影屏、高清晰度投影管和微显投影设备模块等关键件制造
273,4.,数字音、视频编解码设备，数字广播电视演播室设备，数字有线电视系统设备，数字音频广播发射设备，数字电视上下变换器，数字电视地面广播单频网（SFN）设备，卫星数字电视上行站设备，卫星公共接收电视（SMATV）前端设备制造,,数字音、视频编解码设备，数字广播电视演播室设备，数字有线电视系统设备，数字音频广播发射设备，数字电视上下变换器，数字电视地面广播单频网（SFN）设备，卫星数字电视上行站设备，卫星公共接收电视（SMATV）前端设备制造
274,5.,600万像素以上高性能数字单镜头反光照相机制造,,600万像素以上高性能数字单镜头反光照相机制造
275,6.,集成电路设计，线宽0.18微米及以下大规模数字集成电路制造，0.8微米及以下模拟、数模集成电路制造及BGA、PGA、CSP、MCM等先进封装与测试,,集成电路设计，线宽0.18微米及以下大规模数字集成电路制造，0.8微米及以下模拟、数模集成电路制造及BGA、PGA、CSP、MCM等先进封装与测试
276,7.,大中型电子计算机、百万亿次高性能计算机、便携式微型计算机、、每秒一万亿次及以上高档服务器、大型模拟仿真系统、大型工业控制机及控制器制造,,大中型电子计算机、百万亿次高性能计算机、便携式微型计算机、、每秒一万亿次及以上高档服务器、大型模拟仿真系统、大型工业控制机及控制器制造
277,8.,计算机数字信号处理系统及板卡制造,,计算机数字信号处理系统及板卡制造
278,9.,图形图像识别和处理系统制造,,图形图像识别和处理系统制造
279,10.,大容量光、磁盘驱动器及其部件开发与制造,,大容量光、磁盘驱动器及其部件开发与制造
280,11.,高速、容量100TB及以上存储系统及智能化存储设备制造,,高速、容量100TB及以上存储系统及智能化存储设备制造
281,12.,大幅面（幅宽900mm以上）高分辨率彩色打印设备、精度2400dbi及以上高分辨率彩色打印机机头、大幅面（幅宽900mm以上）高清晰彩色复印设备制造,,大幅面（幅宽900mm以上）高分辨率彩色打印设备、精度2400dbi及以上高分辨率彩色打印机机头、大幅面（幅宽900mm以上）高清晰彩色复印设备制造
282,13.,计算机辅助设计（三维CAD）、辅助测试（CAT）、辅助制造（CAM）、辅助工程（CAE）系统及其他计算机应用系统制造,,计算机辅助设计（三维CAD）、辅助测试（CAT）、辅助制造（CAM）、辅助工程（CAE）系统及其他计算机应用系统制造
283,14.,软件产品开发、生产,,软件产品开发、生产
284,15.,电子专用材料开发与制造（光纤预制棒开发与制造除外）,,电子专用材料开发与制造（光纤预制棒开发与制造除外）
285,16.,电子专用设备、测试仪器、工模具制造,,电子专用设备、测试仪器、工模具制造
286,17.,新型电子元器件制造：片式元器件、敏感元器件及传感器、频率控制与选择元件、混合集成电路、电力电子器件、光电子器件、新型机电元件、高密度互连积层板、多层挠性板、刚挠印刷电路板及封装载板,,新型电子元器件制造：片式元器件、敏感元器件及传感器、频率控制与选择元件、混合集成电路、电力电子器件、光电子器件、新型机电元件、高密度互连积层板、多层挠性板、刚挠印刷电路板及封装载板
287,18.,高技术绿色电池制造：动力镍氢电池、锌镍蓄电池、锌银蓄电池、锂离子电池、高容量全密封免维护铅酸蓄电池、太阳能电池、燃料电池、圆柱型锌空气电池等,,高技术绿色电池制造：动力镍氢电池、锌镍蓄电池、锌银蓄电池、锂离子电池、高容量全密封免维护铅酸蓄电池、太阳能电池、燃料电池、圆柱型锌空气电池等
288,19.,发光效率501m/W以上高亮度发光二极管、发光效率501m/W以上发光二极管外延片（蓝光）、发光效率501m/W以上且功率200mW以上白色发光管制造,,发光效率501m/W以上高亮度发光二极管、发光效率501m/W以上发光二极管外延片（蓝光）、发光效率501m/W以上且功率200mW以上白色发光管制造
289,20.,RFID芯片开发与制造,,RFID芯片开发与制造
290,21.,高密度数字光盘机用关键件开发与生产,,高密度数字光盘机用关键件开发与生产
291,22.,只读类光盘复制和可录类光盘生产,,只读类光盘复制和可录类光盘生产
292,23.,民用卫星设计与制造（中方控股）,中方控股,民用卫星设计与制造（中方控股）
293,24.,民用卫星有效载荷制造（中方控股）,中方控股,民用卫星有效载荷制造（中方控股）
294,25.,民用卫星零部件制造,,民用卫星零部件制造
295,26.,卫星通信系统设备制造,,卫星通信系统设备制造
296,27.,卫星导航定位接收设备及关键部件制造,,卫星导航定位接收设备及关键部件制造
297,28.,光通信测量仪表、速率10Gb/s及以上光收发器制造,,光通信测量仪表、速率10Gb/s及以上光收发器制造
298,29.,超宽带（UWB）通信设备制造,,超宽带（UWB）通信设备制造
299,30.,无线局域网（广域网）设备制造,,无线局域网（广域网）设备制造
300,31.,光交叉连接设备（OXC）、自动光交换网络设备（ASON）、40G/sSDH以上光纤通信传输设备、光纤传输粗波分复用（CWDM）设备制造,,光交叉连接设备（OXC）、自动光交换网络设备（ASON）、40G/sSDH以上光纤通信传输设备、光纤传输粗波分复用（CWDM）设备制造
301,32.,异步转移模式（ATM）及IP数据通信系统制造,,异步转移模式（ATM）及IP数据通信系统制造
302,33.,第三代及后续移动通信系统手机、基站、核心网设备以及网络检测设备开发制造,,第三代及后续移动通信系统手机、基站、核心网设备以及网络检测设备开发制造
303,34.,高端路由器、千兆比以上网络交换机开发、制造,,高端路由器、千兆比以上网络交换机开发、制造
304,35.,空中交通管制系统设备制造（限于合资、合作）,限于合资、合作,空中交通管制系统设备制造
305,（二十二）,仪器仪表及文化、办公用机械制造业,,仪器仪表及文化、办公用机械制造业
306,1.,现场总线控制系统及关键零部件制造,,现场总线控制系统及关键零部件制造
307,2.,大型精密仪器开发与制造：包括电子显微镜、激光扫描显微镜、扫描隧道显微镜、功率2kw以上激光器、电子探针、光电直读光谱仪、拉曼光谱仪、质谱仪、液相色谱仪、工业色谱仪、色-质联用仪、核磁共振波谱仪、能谱仪、X射线荧光光谱仪、衍射仪、工业CT、大型动平衡试验机、在线机械量自动检测系统、转速100000r/min以上超高速离心机、大型金相显微镜、三座标测量机、激光比长仪、电法勘探仪、500m以上航空电法及伽玛能谱测量仪器、井中重力及三分量磁力仪、高精度微伽重力及航空重力梯度测量仪器、地球化学元素野外现场快速分析仪、便携式地质雷达,,大型精密仪器开发与制造：包括电子显微镜、激光扫描显微镜、扫描隧道显微镜、功率2kw以上激光器、电子探针、光电直读光谱仪、拉曼光谱仪、质谱仪、液相色谱仪、工业色谱仪、色-质联用仪、核磁共振波谱仪、能谱仪、X射线荧光光谱仪、衍射仪、工业CT、大型动平衡试验机、在线机械量自动检测系统、转速100000r/min以上超高速离心机、大型金相显微镜、三座标测量机、激光比长仪、电法勘探仪、500m以上航空电法及伽玛能谱测量仪器、井中重力及三分量磁力仪、高精度微伽重力及航空重力梯度测量仪器、地球化学元素野外现场快速分析仪、便携式地质雷达
308,3.,高精度数字电压表、电流表制造（显示量程七位半以上）,,高精度数字电压表、电流表制造（显示量程七位半以上）
309,4.,无功功率自动补偿装置制造,,无功功率自动补偿装置制造
310,5.,两相流量计、固体流量计制造,,两相流量计、固体流量计制造
311,6.,电子枪自动镀膜机制造,,电子枪自动镀膜机制造
312,7.,管电压800千伏及以上工业X射线探伤机制造,,管电压800千伏及以上工业X射线探伤机制造
313,8.,安全生产及环保检测仪器新技术设备制造,,安全生产及环保检测仪器新技术设备制造
314,9.,VXI总线式自动测试系统（符合IEEE1155国际规范）制造,,VXI总线式自动测试系统（符合IEEE1155国际规范）制造
315,10.,煤矿井下监测及灾害预报系统、煤炭安全检测综合管理系统开发与制造,,煤矿井下监测及灾害预报系统、煤炭安全检测综合管理系统开发与制造
316,11.,工程测量和地球物理观测设备制造：数字三角测量系统、三维地形模型数控成型系统(面积＞1000×1000mm、水平误差＜1mm、高程误差＜0.5mm）、超宽频带地震计(φ＜5cm、频带0.01-50Hz、等效地动速度噪声＜10-9m/s)、地震数据集合处理系统、综合井下地震和前兆观测系统、精密可控震源系统、工程加速度测量系统、高精度GPS接收机（精度1mm+1ppm）、INSAR图像接收及处理系统、INSAR图像接收及处理系统、精度＜1微伽的绝对重力仪、卫星重力仪、采用相干或双偏振技术的多普勒天气雷达、能见度测量仪、气象传感器（温、压、湿、风、降水、云、能见度、辐射、冻土、雪深）、防雷击系统、多级飘尘采样计、3-D超声风速仪、高精度智能全站仪、三维激光扫描仪、钻探用高性能金刚石钻头、无合作目标激光测距仪、风廓线仪（附带RASS）、GPS电子探控仪系统、CO2/H2O通量观测系统、边界层多普勒激光雷达、颗粒物颗粒经谱仪器（3nm-20μm）、高性能数据采集器、水下滑翔器,,工程测量和地球物理观测设备制造：数字三角测量系统、三维地形模型数控成型系统(面积＞1000×1000mm、水平误差＜1mm、高程误差＜0.5mm）、超宽频带地震计(φ＜5cm、频带0.01-50Hz、等效地动速度噪声＜10-9m/s)、地震数据集合处理系统、综合井下地震和前兆观测系统、精密可控震源系统、工程加速度测量系统、高精度GPS接收机（精度1mm+1ppm）、INSAR图像接收及处理系统、INSAR图像接收及处理系统、精度＜1微伽的绝对重力仪、卫星重力仪、采用相干或双偏振技术的多普勒天气雷达、能见度测量仪、气象传感器（温、压、湿、风、降水、云、能见度、辐射、冻土、雪深）、防雷击系统、多级飘尘采样计、3-D超声风速仪、高精度智能全站仪、三维激光扫描仪、钻探用高性能金刚石钻头、无合作目标激光测距仪、风廓线仪（附带RASS）、GPS电子探控仪系统、CO2/H2O通量观测系统、边界层多普勒激光雷达、颗粒物颗粒经谱仪器（3nm-20μm）、高性能数据采集器、水下滑翔器
317,12.,环保检测仪器的新技术设备制造：空气质量检测、水质检测、烟气在线检测仪器的新技术设备，应急处理所需仪器和成套系统发展新型微分光学多组分析系统，自校准、组合式、低漂移、联网遥测、遥控仪器及系统等,,环保检测仪器的新技术设备制造：空气质量检测、水质检测、烟气在线检测仪器的新技术设备，应急处理所需仪器和成套系统发展新型微分光学多组分析系统，自校准、组合式、低漂移、联网遥测、遥控仪器及系统等
318,13.,大气污染防治设备制造：耐高温及耐腐蚀滤料、燃煤电厂湿式脱硫成套设备、低NOX燃烧装置、烟气脱氮催化剂及脱氮成套装置、工业有机废气净化设备、柴油车排气净化装置,,大气污染防治设备制造：耐高温及耐腐蚀滤料、燃煤电厂湿式脱硫成套设备、低NOX燃烧装置、烟气脱氮催化剂及脱氮成套装置、工业有机废气净化设备、柴油车排气净化装置
319,14.,水污染防治设备制造：卧式螺旋离心脱水机、膜及膜材料、10kg/h以上的臭氧发生器、10kg/h以上的二氧化氯发生器、紫外消毒装置、农村小型生活污水处理设备,,水污染防治设备制造：卧式螺旋离心脱水机、膜及膜材料、10kg/h以上的臭氧发生器、10kg/h以上的二氧化氯发生器、紫外消毒装置、农村小型生活污水处理设备
320,15.,固体废物处理处置设备制造：垃圾填埋厂防渗土工膜、危险废物处理装置、垃圾填埋场沼气发电装置、规模化畜禽养殖废物的综合利用设备,,固体废物处理处置设备制造：垃圾填埋厂防渗土工膜、危险废物处理装置、垃圾填埋场沼气发电装置、规模化畜禽养殖废物的综合利用设备
321,16.,环境监测仪器制造：SO2自动采样器及测定仪、NOX及NO2自动采样器及测定仪、O3自动监测仪、CO自动监测仪、烟气及粉尘自动采样器及测定仪、烟气自动采样器及测定仪、便携式有毒有害气体测定仪、空气中有机污染物自动分析仪、COD自动在线监测仪、BOD自动在线监测仪、浊度在线监测仪、DO在线监测仪、TOC在线监测仪、氨氮在线监测仪、辐射剂量检测仪、射线分析测试仪,,环境监测仪器制造：SO2自动采样器及测定仪、NOX及NO2自动采样器及测定仪、O3自动监测仪、CO自动监测仪、烟气及粉尘自动采样器及测定仪、烟气自动采样器及测定仪、便携式有毒有害气体测定仪、空气中有机污染物自动分析仪、COD自动在线监测仪、BOD自动在线监测仪、浊度在线监测仪、DO在线监测仪、TOC在线监测仪、氨氮在线监测仪、辐射剂量检测仪、射线分析测试仪
322,17.,水文数据采集、处理与传输和防洪预警仪器及设备制造,,水文数据采集、处理与传输和防洪预警仪器及设备制造
323,18.,海洋勘探监测仪器和设备制造：中深海水下摄像机和水下照相机、多波束探测仪、中浅地层剖面探测仪、走航式温盐深探测仪、磁通门罗盘、液压绞车、水下密封电子连接器、效率＞90%的反渗透海水淡化用能量回收装置、效率＞85%的反渗透海水淡化用高压泵、反渗透海水淡化膜（脱盐率＞99.7%）、日产2万吨以上低温多效蒸馏海水淡化装置、海洋生态系统监测浮标、剖面探测浮标、一次性使用的电导率温度和深度测量仪器(XCTD)、现场水质测量仪器、智能型海洋水质监测用化学传感器(连续工作3~6个月）、电磁海流计、声学多普勒海流剖面仪（自容式、直读式和船用式）、电导率温度深度剖面仪、声学应答释放器、远洋深海潮汐测量系统（布设海底）,,海洋勘探监测仪器和设备制造：中深海水下摄像机和水下照相机、多波束探测仪、中浅地层剖面探测仪、走航式温盐深探测仪、磁通门罗盘、液压绞车、水下密封电子连接器、效率＞90%的反渗透海水淡化用能量回收装置、效率＞85%的反渗透海水淡化用高压泵、反渗透海水淡化膜（脱盐率＞99.7%）、日产2万吨以上低温多效蒸馏海水淡化装置、海洋生态系统监测浮标、剖面探测浮标、一次性使用的电导率温度和深度测量仪器(XCTD)、现场水质测量仪器、智能型海洋水质监测用化学传感器(连续工作3~6个月）、电磁海流计、声学多普勒海流剖面仪（自容式、直读式和船用式）、电导率温度深度剖面仪、声学应答释放器、远洋深海潮汐测量系统（布设海底）
324,（二十三）,其他制造业,,其他制造业
325,1.,洁净煤技术产品的开发利用及设备制造（煤炭气化、液化、水煤浆、工业型煤）,,洁净煤技术产品的开发利用及设备制造（煤炭气化、液化、水煤浆、工业型煤）
326,2.,煤炭洗选及粉煤灰（包括脱硫石膏）、煤矸石等综合利用,,煤炭洗选及粉煤灰（包括脱硫石膏）、煤矸石等综合利用
327,3.,全生物降解材料的生产,,全生物降解材料的生产
328,四、,电力、煤气及水的生产及供应业,,电力、煤气及水的生产及供应业
329,1.,采用整体煤气化联合循环（IGCC）、30万千瓦及以上循环流化床、10万千瓦及以上增压循环流化床（PFBC）洁净燃烧技术电站的建设、经营,,采用整体煤气化联合循环（IGCC）、30万千瓦及以上循环流化床、10万千瓦及以上增压循环流化床（PFBC）洁净燃烧技术电站的建设、经营
330,2.,背压型热电联产电站的建设、经营,,背压型热电联产电站的建设、经营
331,3.,发电为主水电站的建设、经营,,发电为主水电站的建设、经营
332,4.,核电站的建设、经营（中方控股）,中方控股,核电站的建设、经营（中方控股）
333,5.,新能源电站（包括太阳能、风能、磁能、地热能、潮汐能、波浪能、生物质能等）建设经营,,新能源电站（包括太阳能、风能、磁能、地热能、潮汐能、波浪能、生物质能等）建设经营
334,6.,海水利用（海水直接利用、海水淡化）、工业废水处理回收利用产业化,,海水利用（海水直接利用、海水淡化）、工业废水处理回收利用产业化
335,7.,城市供水厂建设、经营,,城市供水厂建设、经营
336,五、,交通运输、仓储和邮政业,,交通运输、仓储和邮政业
337,1.,铁路干线路网的建设、经营（中方控股）,中方控股,铁路干线路网的建设、经营（中方控股）
338,2.,支线铁路、地方铁路及其桥梁、隧道、轮渡和站场设施的建设、经营（限于合资、合作）,限于合资、合作,支线铁路、地方铁路及其桥梁、隧道、轮渡和站场设施的建设、经营
339,3.,高速铁路、铁路客运专线、城际铁路基础设施综合维修（中方控股）,中方控股,高速铁路、铁路客运专线、城际铁路基础设施综合维修（中方控股）
340,4.,公路、独立桥梁和隧道的建设、经营,,公路、独立桥梁和隧道的建设、经营
341,5.,公路货物运输公司,,公路货物运输公司
342,6.,港口公用码头设施的建设、经营,,港口公用码头设施的建设、经营
343,7.,民用机场的建设、经营（中方相对控股）,中方相对控股,民用机场的建设、经营（中方相对控股）
344,8.,航空运输公司（中方控股）,中方控股,航空运输公司（中方控股）
345,9.,农、林、渔业通用航空公司（限于合资、合作）,限于合资、合作,农、林、渔业通用航空公司
346,10.,定期、不定期国际海上运输业务（中方控股）,中方控股,定期、不定期国际海上运输业务（中方控股）
347,11.,国际集装箱多式联运业务,,国际集装箱多式联运业务
348,12.,输油（气）管道、油（气）库的建设、经营,,输油（气）管道、油（气）库的建设、经营
349,13.,煤炭管道运输设施的建设、经营,,煤炭管道运输设施的建设、经营
350,14.,运输业务相关的仓储设施建设、经营,,运输业务相关的仓储设施建设、经营
351,六、,批发和零售业,,批发和零售业
352,1.,一般商品的配送,,一般商品的配送
353,2.,现代物流,,现代物流
354,七、,租赁和商务服务业,,租赁和商务服务业
355,1.,会计、审计（限于合作、合伙）,限于合作、合伙,会计、审计（限于合作、合伙）
356,2.,国际经济、科技、环保信息咨询服务,,国际经济、科技、环保信息咨询服务
357,3.,以承接服务外包方式从事系统应用管理和维护、信息技术支持管理、银行后台服务、财务结算、人力资源服务、软件开发、呼叫中心、数据处理等信息技术和业务流程外包服务,,以承接服务外包方式从事系统应用管理和维护、信息技术支持管理、银行后台服务、财务结算、人力资源服务、软件开发、呼叫中心、数据处理等信息技术和业务流程外包服务
358,八、,科学研究、技术服务和地质勘查业,,科学研究、技术服务和地质勘查业
359,1.,生物工程与生物医学工程技术、生物质能源开发技术,,生物工程与生物医学工程技术、生物质能源开发技术
360,2.,同位素、辐射及激光技术,,同位素、辐射及激光技术
361,3.,海洋开发及海洋能开发技术、海洋化学资源综合利用技术、相关产品开发和精深加工技术、海洋医药与生化制品开发技术,,海洋开发及海洋能开发技术、海洋化学资源综合利用技术、相关产品开发和精深加工技术、海洋医药与生化制品开发技术
362,4.,海洋监测技术（海洋浪潮、气象、环境监测）、海底探测与大洋资源勘查评价技术,,海洋监测技术（海洋浪潮、气象、环境监测）、海底探测与大洋资源勘查评价技术
363,5.,综合利用海水淡化后的浓海水制盐、提取钾、溴、镁、锂及其深加工等海水化学资源高附加值利用技术,,综合利用海水淡化后的浓海水制盐、提取钾、溴、镁、锂及其深加工等海水化学资源高附加值利用技术
364,6.,节约能源开发技术,,节约能源开发技术
365,7.,资源再生及综合利用技术、企业生产排放物的再利用技术开发及其应用,,资源再生及综合利用技术、企业生产排放物的再利用技术开发及其应用
366,8.,环境污染治理及监测技术,,环境污染治理及监测技术
367,9.,化纤生产的节能降耗、三废治理新技术,,化纤生产的节能降耗、三废治理新技术
368,10.,防沙漠化及沙漠治理技术,,防沙漠化及沙漠治理技术
369,11.,草畜平衡综合管理技术,,草畜平衡综合管理技术
370,12.,民用卫星应用技术,,民用卫星应用技术
371,13.,研究开发中心,,研究开发中心
372,14.,高新技术、新产品开发与企业孵化中心,,高新技术、新产品开发与企业孵化中心
373,九、,水利、环境和公共设施管理业,,水利、环境和公共设施管理业
374,1.,综合水利枢纽的建设、经营（中方控股）,中方控股,综合水利枢纽的建设、经营（中方控股）
375,2.,城市封闭型道路建设、经营,,城市封闭型道路建设、经营
376,3.,城市地铁、轻轨等轨道交通的建设、经营（中方控股）,中方控股,城市地铁、轻轨等轨道交通的建设、经营（中方控股）
377,4.,污水、垃圾处理厂，危险废物处理处置厂（焚烧厂、填埋场）及环境污染治理设施的建设、经营,,污水、垃圾处理厂，危险废物处理处置厂（焚烧厂、填埋场）及环境污染治理设施的建设、经营
378,十、,教育,,教育
379,1.,高等教育机构（限于合资、合作）,限于合资、合作,高等教育机构
380,十一、,卫生、社会保障和社会福利业,,卫生、社会保障和社会福利业
381,1.,老年人、残疾人和儿童服务机构,,老年人、残疾人和儿童服务机构
382,十二、,文化、体育和娱乐业,,文化、体育和娱乐业
383,1.,演出场所经营（中方控股）,中方控股,演出场所经营（中方控股）
384,2.,体育场馆经营、健身、竞赛表演及体育培训和中介服务限制外商投资产业目录,,体育场馆经营、健身、竞赛表演及体育培训和中介服务限制外商投资产业目录
385,一、,农、林、牧、渔业,,农、林、牧、渔业
386,1.,农作物新品种选育和种子开发生产（中方控股）,中方控股,农作物新品种选育和种子开发生产（中方控股）
387,2.,珍贵树种原木加工（限于合资、合作）,限于合资、合作,珍贵树种原木加工
388,3.,棉花（籽棉）加工,,棉花（籽棉）加工
389,二、,采矿业,,采矿业
390,1.,特殊和稀缺煤种勘查、开采（中方控股）,中方控股,特殊和稀缺煤种勘查、开采（中方控股）
391,2.,重晶石勘查、开采(限于合资、合作)3.,,重晶石勘查、开采(限于合资、合作)3.
392,4.,金刚石等贵重非金属矿的勘查、开采,,金刚石等贵重非金属矿的勘查、开采
393,5.,磷矿开采、选矿,,磷矿开采、选矿
394,6.,硼镁石及硼镁铁矿石开采,,硼镁石及硼镁铁矿石开采
395,7.,天青石开采,,天青石开采
396,8.,大洋锰结核、海砂的开采（中方控股）,中方控股,大洋锰结核、海砂的开采（中方控股）
397,三、,制造业,,制造业
398,（一）,农副食品加工业,,农副食品加工业
399,1.,大豆、油菜籽食用油脂加工（中方控股），玉米深加工,中方控股,大豆、油菜籽食用油脂加工（中方控股），玉米深加工
400,2.,生物液体燃料（燃料乙醇、生物柴油）生产（中方控股）,中方控股,生物液体燃料（燃料乙醇、生物柴油）生产（中方控股）
401,（二）,饮料制造业,,饮料制造业
402,1.,黄酒、名优白酒生产（中方控股）,中方控股,黄酒、名优白酒生产（中方控股）
403,2.,碳酸饮料生产,,碳酸饮料生产
404,（三）,烟草制品业,,烟草制品业
405,1.,打叶复烤烟叶加工生产,,打叶复烤烟叶加工生产
406,（四）,印刷业和记录媒介的复制,,印刷业和记录媒介的复制
407,（五）,石油加工及炼焦业,,石油加工及炼焦业
408,1.,年产800万吨及以下炼油厂建设、经营,,年产800万吨及以下炼油厂建设、经营
409,（六）,化学原料及化学制品制造业,,化学原料及化学制品制造业
410,1.,烧碱（氢氧化钠）、钾碱（氢氧化钾）生产,,烧碱（氢氧化钠）、钾碱（氢氧化钾）生产
411,2.,感光材料生产,,感光材料生产
412,3.,联苯胺生产,,联苯胺生产
413,4.,易制毒化学品生产（麻黄素、3，4-亚基二氧苯基-2-丙酮、苯乙酸、1-苯基-2-丙酮、胡椒醛、黄樟脑、异黄樟脑、醋酸酐）,,易制毒化学品生产（麻黄素、3，4-亚基二氧苯基-2-丙酮、苯乙酸、1-苯基-2-丙酮、胡椒醛、黄樟脑、异黄樟脑、醋酸酐）
414,5.,氟氯烃或氢氟氯烃、四氟乙烯、氟化铝、氢氟酸生产,,氟氯烃或氢氟氯烃、四氟乙烯、氟化铝、氢氟酸生产
415,6.,顺丁橡胶、乳液聚合丁苯橡胶、热塑性丁苯橡胶生产,,顺丁橡胶、乳液聚合丁苯橡胶、热塑性丁苯橡胶生产
416,7.,甲烷氯化物（一氯甲烷除外）、电石法聚氯乙烯生产,,甲烷氯化物（一氯甲烷除外）、电石法聚氯乙烯生产
417,8.,硫酸法钛白粉、平炉法高锰酸钾生产,,硫酸法钛白粉、平炉法高锰酸钾生产
418,9.,硼镁铁矿石加工,,硼镁铁矿石加工
419,10.,钡盐、锶盐生产,,钡盐、锶盐生产
420,（七）,医药制造业,,医药制造业
421,1.,氯霉素、青霉素G、洁霉素、庆大霉素、双氢链霉素、丁胺卡那霉素、盐酸四环素、土霉素、麦迪霉素、柱晶白霉素、环丙氟哌酸、氟哌酸、氟嗪酸生产,,氯霉素、青霉素G、洁霉素、庆大霉素、双氢链霉素、丁胺卡那霉素、盐酸四环素、土霉素、麦迪霉素、柱晶白霉素、环丙氟哌酸、氟哌酸、氟嗪酸生产
422,2.,安乃近、扑热息痛、维生素B1、维生素B2、维生素C、维生素E、多种维生素制剂和口服钙剂生产,,安乃近、扑热息痛、维生素B1、维生素B2、维生素C、维生素E、多种维生素制剂和口服钙剂生产
423,3.,国家计划免疫的疫苗（卡介苗和脊髓灰质炎疫苗除外）、菌苗类及抗毒素、类毒素类（白百破、麻疹、乙脑、流脑疫苗等）生产,,国家计划免疫的疫苗（卡介苗和脊髓灰质炎疫苗除外）、菌苗类及抗毒素、类毒素类（白百破、麻疹、乙脑、流脑疫苗等）生产
424,4.,麻醉药品及一类精神药品原料药生产（中方控股）,中方控股,麻醉药品及一类精神药品原料药生产（中方控股）
425,5.,血液制品的生产,,血液制品的生产
426,6.,非自毁式一次性注射器、输液器、输血器及血袋生产,,非自毁式一次性注射器、输液器、输血器及血袋生产
427,（八）,化学纤维制造业,,化学纤维制造业
428,1.,常规切片纺的化纤抽丝生产,,常规切片纺的化纤抽丝生产
429,2.,粘胶短纤维生产,,粘胶短纤维生产
430,（九）,橡胶制品业,,橡胶制品业
431,1.,旧轮胎翻新（子午线轮胎除外）及低性能工业橡胶配件生产,,旧轮胎翻新（子午线轮胎除外）及低性能工业橡胶配件生产
432,（十）,有色金属冶炼及压延加工业,,有色金属冶炼及压延加工业
433,1.,钨、钼、锡（锡化合物除外）、锑（含氧化锑和硫化锑）等稀有金属冶炼,,钨、钼、锡（锡化合物除外）、锑（含氧化锑和硫化锑）等稀有金属冶炼
434,2.,电解铝、铜、铅、锌等有色金属冶炼,,电解铝、铜、铅、锌等有色金属冶炼
435,3.,稀土冶炼、分离（限于合资、合作）,限于合资、合作,稀土冶炼、分离
436,（十一）,金属制品业,,金属制品业
437,1.,集装箱生产,,集装箱生产
438,（十二）,通用设备制造业,,通用设备制造业
439,1.,各类普通级（P0）轴承及零件（钢球、保持架）、毛坯制造,,各类普通级（P0）轴承及零件（钢球、保持架）、毛坯制造
440,2.,300吨以下轮式、履带式起重机械制造（限于合资、合作）,限于合资、合作,300吨以下轮式、履带式起重机械制造
441,（十三）,专用设备制造业,,专用设备制造业
442,1.,中低档B型超声显像仪制造,,中低档B型超声显像仪制造
443,2.,一般涤纶长丝、短纤维设备制造,,一般涤纶长丝、短纤维设备制造
444,3.,320马力及以下推土机、30吨级及以下液压挖掘机、6吨级及以下轮式装载机、220马力及以下平地机、压路机、叉车、135吨级及以下非公路自卸翻斗车、路面铣平返修机械设备、园林机械和机具、商品混凝土机械（托泵、搅拌车、搅拌站、泵车）制造,,320马力及以下推土机、30吨级及以下液压挖掘机、6吨级及以下轮式装载机、220马力及以下平地机、压路机、叉车、135吨级及以下非公路自卸翻斗车、路面铣平返修机械设备、园林机械和机具、商品混凝土机械（托泵、搅拌车、搅拌站、泵车）制造
445,（十四）,交通运输设备制造业,,交通运输设备制造业
446,1.,普通船舶（含分段）修理、设计与制造（中方控股）,中方控股,普通船舶（含分段）修理、设计与制造（中方控股）
447,（十五）,通信设备、计算机及其他电子设备制造业,,通信设备、计算机及其他电子设备制造业
448,1.,卫星电视广播地面接收设施及关键件生产,,卫星电视广播地面接收设施及关键件生产
449,2.,税控收款机产品制造,,税控收款机产品制造
450,四、,电力、煤气及水的生产和供应业,,电力、煤气及水的生产和供应业
451,1.,西藏、新疆、海南等小电网范围内，单机容量30万千瓦及以下燃煤凝汽火电站、单机容量10万千瓦及以下燃煤凝汽抽汽两用机组热电联产电站的建设、经营,,西藏、新疆、海南等小电网范围内，单机容量30万千瓦及以下燃煤凝汽火电站、单机容量10万千瓦及以下燃煤凝汽抽汽两用机组热电联产电站的建设、经营
452,2.,电网的建设、经营（中方控股）,中方控股,电网的建设、经营（中方控股）
453,五、,交通运输、仓储和邮政业,,交通运输、仓储和邮政业
454,1.,铁路货物运输公司,,铁路货物运输公司
455,2.,铁路旅客运输公司（中方控股）,中方控股,铁路旅客运输公司（中方控股）
456,3.,公路旅客运输公司,,公路旅客运输公司
457,4.,出入境汽车运输公司,,出入境汽车运输公司
458,5.,水上运输公司（中方控股）,中方控股,水上运输公司（中方控股）
459,6.,摄影、探矿、工业等通用航空公司（中方控股）,中方控股,摄影、探矿、工业等通用航空公司（中方控股）
460,7.,电信公司：增值电信业务（外资比例不超过50%），基础电信中的移动话音和数据服务（外资比例不超过49%），基础电信中的国内业务和国际业务（外资比例不超过35%，不迟于2007年12月11日允许外资比例达49%）,外资比例不超过50% 外资比例不超过49% 外资比例不超过35%，不迟于2007年12月11日允许外资比例达49%,电信公司：增值电信业务（外资比例不超过50%），基础电信中的移动话音和数据服务（外资比例不超过49%），基础电信中的国内业务和国际业务（外资比例不超过35%，不迟于2007年12月11日允许外资比例达49%）
461,六、,批发和零售业,,批发和零售业
462,1.,直销、邮购、网上销售、特许经营、委托经营、商业管理等商业公司,,直销、邮购、网上销售、特许经营、委托经营、商业管理等商业公司
463,2.,粮食、棉花、植物油、食糖、药品、烟草、汽车、原油、农药、农膜、化肥的批发、零售、配送（设立超过30家分店、销售来自多个供应商的不同种类和品牌商品的连锁店由中方控股）,设立超过30家分店、销售来自多个供应商的不同种类和品牌商品的连锁店由中方控股,粮食、棉花、植物油、食糖、药品、烟草、汽车、原油、农药、农膜、化肥的批发、零售、配送（设立超过30家分店、销售来自多个供应商的不同种类和品牌商品的连锁店由中方控股）
464,3.,音像制品（除电影外）的分销（限于合作、中方控股）,限于合作、中方控股,音像制品（除电影外）的分销（限于合作、中方控股）
465,4.,商品拍卖,,商品拍卖
466,5.,船舶代理（中方控股）、外轮理货（限于合资、合作）,中方控股 限于合资、合作,船舶代理（中方控股）、外轮理货
467,6.,成品油批发及加油站（同一外国投资者设立超过30家分店、销售来自多个供应商的不同种类和品牌成品油的连锁加油站，由中方控股）建设、经营,同一外国投资者设立超过30家分店、销售来自多个供应商的不同种类和品牌成品油的连锁加油站，由中方控股,成品油批发及加油站（同一外国投资者设立超过30家分店、销售来自多个供应商的不同种类和品牌成品油的连锁加油站，由中方控股）建设、经营
468,七、,金融业,,金融业
469,1.,银行、金融租赁公司、财务公司、信托投资公司、货币经纪公司,,银行、金融租赁公司、财务公司、信托投资公司、货币经纪公司
470,2.,保险公司（寿险公司外资比例不超过50%）,寿险公司外资比例不超过50%,保险公司（寿险公司外资比例不超过50%）
471,3.,证券公司（限于从事A股承销、B股和H股以及政府和公司债券的承销和交易，外资比例不超过1/3）、证券投资基金管理公司（外资比例不超过49%）,限于从事A股承销、B股和H股以及政府和公司债券的承销和交易，外资比例不超过1/3 外资比例不超过49%,证券公司（限于从事A股承销、B股和H股以及政府和公司债券的承销和交易，外资比例不超过1/3）、证券投资基金管理公司（外资比例不超过49%）
472,4.,保险经纪公司,,保险经纪公司
473,5.,期货公司（中方控股）,中方控股,期货公司（中方控股）
474,八、,房地产业,,房地产业
475,1.,土地成片开发（限于合资、合作）,限于合资、合作,土地成片开发
476,2.,高档宾馆、别墅、高档写字楼和国际会展中心的建设、经营,,高档宾馆、别墅、高档写字楼和国际会展中心的建设、经营
477,九、,租赁和商务服务业,,租赁和商务服务业
478,1.,法律咨询,,法律咨询
479,2.,市场调查（限于合资、合作）,限于合资、合作,市场调查
480,3.,资信调查与评级服务公司,,资信调查与评级服务公司
481,十、,科学研究、技术服务和地质勘查业,,科学研究、技术服务和地质勘查业
482,1.,测绘公司（中方控股）,中方控股,测绘公司（中方控股）
483,2.,进出口商品检验、鉴定、认证公司,,进出口商品检验、鉴定、认证公司
484,3.,摄影服务（含空中摄影等特技摄影服务，但不包括测绘航空摄影，限于合资）,含空中摄影等特技摄影服务，但不包括测绘航空摄影，限于合资,摄影服务（含空中摄影等特技摄影服务，但不包括测绘航空摄影，限于合资）
485,十一、,水利、环境和公共设施管理业,,水利、环境和公共设施管理业
486,1.,大城市燃气、热力和供排水管网的建设、经营（中方控股）,中方控股,大城市燃气、热力和供排水管网的建设、经营（中方控股）
487,十二、,教育,,教育
488,1.,普通高中教育机构（限于合资、合作）,限于合资、合作,普通高中教育机构
489,十三、,卫生、社会保障和社会福利业,,卫生、社会保障和社会福利业
490,1.,医疗机构（限于合资、合作）,限于合资、合作,医疗机构
491,十四、,文化、体育和娱乐业,,文化、体育和娱乐业
492,1.,广播电视节目制作项目和电影制作项目（限于合作）,限于合作,广播电视节目制作项目和电影制作项目（限于合作）
493,2.,电影院的建设、经营（中方控股）,中方控股,电影院的建设、经营（中方控股）
494,3.,大型主题公园的建设、经营,,大型主题公园的建设、经营
495,4.,演出经纪机构（中方控股）,中方控股,演出经纪机构（中方控股）
496,5.,娱乐场所经营（限于合资、合作）,限于合资、合作,娱乐场所经营
497,十五、,国家和我国缔结或者参加的国际条约规定限制的其他产业禁止外商投资产业目录,,国家和我国缔结或者参加的国际条约规定限制的其他产业禁止外商投资产业目录
498,一、,农、林、牧、渔业,,农、林、牧、渔业
499,1.,我国稀有和特有的珍贵优良品种的养殖、种植（包括种植业、畜牧业、水产业的优良基因）,,我国稀有和特有的珍贵优良品种的养殖、种植（包括种植业、畜牧业、水产业的优良基因）
500,2.,转基因植物种子、种畜禽、水产苗种的开发、生产,,转基因植物种子、种畜禽、水产苗种的开发、生产
501,3.,我国管辖海域及内陆水域水产品捕捞,,我国管辖海域及内陆水域水产品捕捞
502,二、,采矿业,,采矿业
503,3.,放射性矿产的勘查、开采、选矿,,放射性矿产的勘查、开采、选矿
504,三、,制造业,,制造业
505,（一）,饮料制造业,,饮料制造业
506,1.,我国传统工艺的绿茶及特种茶加工（名茶、黑茶等）,,我国传统工艺的绿茶及特种茶加工（名茶、黑茶等）
507,（二）,医药制造业,,医药制造业
508,1.,列入《野生药材资源保护条例》和《中国珍稀、濒危保护植物名录》的中药材加工,,列入《野生药材资源保护条例》和《中国珍稀、濒危保护植物名录》的中药材加工
509,2.,中药饮片的蒸、炒、灸、煅等炮灸技术的应用及中成药保密处方产品的生产,,中药饮片的蒸、炒、灸、煅等炮灸技术的应用及中成药保密处方产品的生产
510,（三）,有色金属冶炼及压延加工业,,有色金属冶炼及压延加工业
511,1.,放射性矿产的冶炼、加工,,放射性矿产的冶炼、加工
512,（四）,专用设备制造业,,专用设备制造业
513,1.,武器弹药制造,,武器弹药制造
514,（五）,电气机械及器材制造业,,电气机械及器材制造业
515,1.,开口式（即酸雾直接外排式）铅酸电池、含汞扣式氧化银电池、糊式锌锰电池、镉镍电池制造,,开口式（即酸雾直接外排式）铅酸电池、含汞扣式氧化银电池、糊式锌锰电池、镉镍电池制造
516,（六）,工业品及其他制造业,,工业品及其他制造业
517,1.,象牙雕刻,,象牙雕刻
518,2.,虎骨加工,,虎骨加工
519,3.,脱胎漆器生产,,脱胎漆器生产
520,4.,珐琅制品生产,,珐琅制品生产
521,5.,宣纸、墨锭生产,,宣纸、墨锭生产
522,6.,致癌、致畸、致突变产品和持久性有机污染物产品生产,,致癌、致畸、致突变产品和持久性有机污染物产品生产
523,四、,电力、煤气及水的生产和供应业,,电力、煤气及水的生产和供应业
524,1.,西藏、新疆、海南等小电网外，单机容量30万千瓦及以下燃煤凝汽火电站、单机容量10万千瓦及以下燃煤凝汽抽汽两用热电联产电站的建设、经营,,西藏、新疆、海南等小电网外，单机容量30万千瓦及以下燃煤凝汽火电站、单机容量10万千瓦及以下燃煤凝汽抽汽两用热电联产电站的建设、经营
525,五、,交通运输、仓储和邮政业,,交通运输、仓储和邮政业
526,1.,空中交通管制公司,,空中交通管制公司
527,2.,邮政公司,,邮政公司
528,六、,租赁和商务服务业,,租赁和商务服务业
529,1.,社会调查,,社会调查
530,七、,科学研究、技术服务和地质勘查业,,科学研究、技术服务和地质勘查业
531,1.,人体干细胞、基因诊断与治疗技术开发和应用,,人体干细胞、基因诊断与治疗技术开发和应用
532,2.,大地测量、海洋测绘、测绘航空摄影、行政区域界线测绘、地图编制中的地形图编制、普通地图编制的导航电子地图编制,,大地测量、海洋测绘、测绘航空摄影、行政区域界线测绘、地图编制中的地形图编制、普通地图编制的导航电子地图编制
533,八、,水利、环境和公共设施管理业,,水利、环境和公共设施管理业
534,1.,自然保护区和国际重要湿地的建设、经营,,自然保护区和国际重要湿地的建设、经营
535,2.,国家保护的原产于我国的野生动、植物资源开发,,国家保护的原产于我国的野生动、植物资源开发
536,九、,教育,,教育
537,1.,义务教育机构，军事、警察、政治和党校等特殊领域教育机构,,义务教育机构，军事、警察、政治和党校等特殊领域教育机构
538,十、,文化、体育和娱乐业,,文化、体育和娱乐业
539,1.,新闻机构,,新闻机构
540,2.,图书、报纸、期刊的出版、总发行和进口业务,,图书、报纸、期刊的出版、总发行和进口业务
541,3.,音像制品和电子出版物的出版、制作和进口业务,,音像制品和电子出版物的出版、制作和进口业务
542,4.,各级广播电台（站）、电视台（站）、广播电视频道（率）、广播电视传输覆盖网（发射台、转播台、广播电视卫星、卫星上行站、卫星收转站、微波站、监测台、有线广播电视传输覆盖网）,,各级广播电台（站）、电视台（站）、广播电视频道（率）、广播电视传输覆盖网（发射台、转播台、广播电视卫星、卫星上行站、卫星收转站、微波站、监测台、有线广播电视传输覆盖网）
543,5.,广播电视节目制作经营公司,,广播电视节目制作经营公司
544,6.,电影制作公司、发行公司、院线公司,,电影制作公司、发行公司、院线公司
545,7.,新闻网站、网络视听节目服务、互联网上网服务营业场所、互联网文化经营,,新闻网站、网络视听节目服务、互联网上网服务营业场所、互联网文化经营
546,8.,录像放映公司,,录像放映公司
547,9.,高尔夫球场的建设、经营,,高尔夫球场的建设、经营
548,10.,博彩业（含赌博类跑马场）,,博彩业（含赌博类跑马场）
549,11.,色情业,,色情业
550,十一、,其他行业,,其他行业
551,1.,危害军事设施安全和使用效能的项目,,危害军事设施安全和使用效能的项目
552,十二、,国家和我国缔结或者参加的国际条约规定禁止的其他产业,,国家和我国缔结或者参加的国际条约规定禁止的其他产业
